PRES,
-192.4,
777.3,
161.5,
-267.2,
-158.2,
304.4,
-479.9,
690.9,
-63.8,
253.7,
-333.5,
154.6,
193.9,
-13.3,
-84.3,
135.2,
-217.7,
287.2,
-114.6,
362.2,
369.3,
201.0,
1264.6,
-316.7,
228.2,
-231.9,
-60.4,
55.7,
469.1,
647.0,
-166.3,
377.6,
194.8,
-203.0,
-451.4,
-4.5,
361.3,
-286.4,
-348.5,
354.6,
-122.0,
-305.3,
-80.3,
-309.3,
-136.2,
142.3,
-18.6,
47.5,
236.0,
-88.5,
-154.6,
-529.7,
-209.0,
45.4,
-429.6,
-284.1,
-203.4,
107.4,
-410.9,
371.0,
306.0,
15.4,
80.9,
-89.0,
128.4,
193.6,
482.7,
-581.5,
134.2,
-43.5,
341.1,
-318.0,
171.4,
-19.2,
91.7,
40.1,
77.1,
-396.5,
-212.2,
-68.9,
-361.4,
-106.8,
147.8,
-419.3,
-178.9,
-381.1,
415.1,
209.7,
-393.5,
343.3,
2.3,
147.1,
36.2,
27.0,
-263.8,
-146.1,
-21.4,
-156.3,
42.8,
343.7,
-649.3,
-166.7,
154.4,
-325.3,
-216.2,
-667.7,
341.6,
-189.5,
-119.2,
-70.7,
102.5,
-148.8,
-801.7,
150.0,
274.3,
-69.8,
-188.6,
-256.7,
410.5,
-201.6,
258.4,
-245.4,
-218.9,
310.6,
245.1,
152.0,
-452.2,
282.5,
240.6,
-259.6,
-431.9,
138.6,
-99.9,
-322.3,
-222.3,
-170.4,
371.0,
165.7,
-325.2,
113.5,
19.4,
-345.7,
35.2,
114.2,
-108.6,
-347.1,
140.1,
-210.3,
-551.6,
333.0,
240.0,
-567.2,
734.8,
253.8,
386.7,
174.8,
-248.8,
-37.9,
8.6,
-244.7,
-364.2,
-115.0,
212.2,
387.5,
-126.2,
-455.5,
-853.3,
102.9,
283.0,
558.3,
101.0,
-189.1,
-312.5,
206.7,
52.4,
-285.1,
-68.3,
37.2,
21.3,
-647.4,
329.1,
286.2,
162.3,
-50.8,
-59.3,
-29.9,
310.5,
-111.9,
2.4,
193.6,
70.2,
351.1,
190.7,
-630.4,
-132.9,
-253.8,
400.5,
-51.8,
299.5,
307.0,
429.5,
-559.3,
-338.3,
546.0,
430.4,
128.5,
-67.7,
403.2,
107.9,
-27.0,
-84.9,
165.3,
-102.5,
113.8,
-335.5,
-289.7,
236.4,
-396.3,
-317.1,
-289.5,
-418.0,
-219.3,
-226.9,
8.5,
335.1,
-139.1,
133.5,
-229.1,
-283.2,
236.3,
-685.4,
255.5,
-181.5,
43.4,
442.7,
402.1,
-411.8,
-261.2,
45.7,
479.6,
286.1,
404.7,
299.8,
182.1,
-306.6,
-78.1,
-576.5,
-277.4,
489.9,
-309.0,
634.0,
459.9,
-178.9,
181.3,
16.0,
143.3,
-295.2,
53.2,
706.6,
417.1,
104.5,
240.5,
-253.8,
676.1,
215.2,
-272.1,
151.4,
-207.9,
480.9,
587.5,
47.4,
-545.0,
-356.4,
127.7,
758.2,
686.0,
317.2,
-161.4,
561.8,
-108.8,
268.8,
-298.0,
91.6,
142.8,
-664.5,
-201.0,
-367.1,
266.6,
255.5,
270.7,
-2.4,
375.4,
-790.0,
37.6,
62.0,
55.2,
-422.8,
556.0,
3.4,
-301.7,
-93.5,
-96.2,
-46.2,
-967.5,
-129.1,
589.6,
259.3,
642.7,
67.3,
30.7,
130.5,
100.2,
-560.8,
-249.9,
-213.7,
-721.2,
354.1,
85.9,
28.6,
314.6,
-423.5,
174.6,
33.4,
10.9,
-164.3,
231.4,
-261.1,
-102.4,
804.6,
-47.2,
151.7,
-57.8,
-52.4,
145.3,
442.2,
7.1,
-205.8,
79.4,
625.6,
-333.5,
-108.3,
-534.9,
168.1,
-412.8,
-700.9,
-18.3,
-478.1,
373.8,
283.3,
923.6,
416.8,
570.5,
-480.7,
-598.3,
-138.4,
328.3,
267.4,
40.0,
-283.9,
-11.7,
200.9,
234.4,
119.3,
632.6,
250.2,
17.8,
-195.1,
-229.5,
172.8,
66.3,
103.0,
-158.1,
380.4,
-112.2,
-82.0,
-375.2,
63.1,
-423.7,
401.6,
-475.8,
-521.3,
-141.4,
-302.1,
95.3,
-110.3,
95.6,
-162.2,
3.4,
-359.2,
-181.6,
295.8,
305.8,
369.0,
123.7,
-115.5,
-140.3,
-188.3,
-381.1,
-145.6,
-391.4,
298.7,
390.2,
8.5,
-342.5,
-439.2,
221.5,
7.2,
713.1,
605.2,
-376.4,
-662.3,
88.9,
495.5,
-593.6,
197.0,
-33.0,
223.2,
302.4,
-115.4,
-472.2,
-281.9,
-282.8,
397.2,
-336.9,
189.8,
57.6,
-210.4,
262.8,
35.5,
60.5,
-643.1,
-579.6,
728.9,
325.4,
250.0,
-20.6,
65.4,
-175.1,
-136.5,
-96.1,
134.4,
-510.0,
-156.1,
650.9,
-34.5,
-85.5,
-690.8,
488.2,
-396.0,
74.2,
203.5,
51.1,
-317.8,
132.5,
-20.5,
34.6,
-656.8,
46.4,
10.6,
53.6,
365.4,
591.7,
1.1,
-9.9,
-91.9,
271.4,
-333.0,
257.2,
-295.9,
598.1,
-313.5,
362.7,
117.3,
-405.6,
-90.9,
507.7,
-110.2,
-461.1,
-213.1,
132.7,
104.5,
65.4,
15.0,
359.9,
117.1,
-77.0,
-165.1,
239.6,
-327.6,
-126.1,
384.2,
48.5,
-186.8,
-270.7,
257.1,
36.2,
55.1,
-228.2,
451.6,
27.0,
489.7,
75.9,
263.4,
-198.0,
-150.3,
9.1,
-435.2,
-39.2,
17.6,
171.5,
-70.3,
672.2,
-271.5,
186.1,
206.1,
-668.4,
-204.0,
-72.9,
-215.8,
785.4,
232.8,
68.3,
-193.5,
242.3,
418.6,
-350.2,
92.9,
-29.7,
-258.1,
306.2,
438.4,
133.3,
39.9,
52.7,
-527.7,
-184.7,
-143.1,
51.6,
126.2,
-237.3,
52.0,
-337.3,
209.9,
-694.4,
16.6,
177.6,
269.8,
-39.9,
-269.0,
173.6,
-113.1,
123.7,
502.3,
-360.0,
189.4,
528.0,
-515.1,
65.1,
104.9,
14.8,
-227.8,
19.9,
-286.3,
179.3,
596.7,
-350.2,
-358.7,
-283.8,
-347.2,
210.9,
-8.2,
-85.8,
-1120.7,
35.4,
5.2,
-154.9,
-212.0,
506.6,
248.6,
-442.2,
486.4,
-629.0,
-215.4,
-224.6,
-200.9,
-554.9,
-277.2,
47.4,
-131.8,
263.9,
-32.1,
-31.8,
133.2,
35.9,
-167.4,
-708.8,
157.3,
-101.1,
211.6,
665.8,
135.8,
-27.2,
-347.3,
-345.4,
-504.8,
-452.0,
-251.6,
6.1,
26.0,
-117.6,
322.0,
69.6,
-36.1,
-451.8,
32.8,
-253.6,
774.4,
-243.7,
557.5,
-340.3,
233.7,
194.6,
-39.5,
-408.4,
70.5,
-89.7,
404.8,
181.2,
-254.4,
-132.8,
-471.8,
-453.1,
-8.6,
-118.7,
-307.3,
197.0,
-640.6,
358.0,
-120.7,
262.6,
27.4,
15.1,
222.4,
-572.7,
-132.2,
165.2,
-486.0,
-212.8,
110.1,
-63.3,
-289.6,
97.9,
-447.0,
0.5,
-206.0,
341.9,
-50.1,
-435.7,
-349.8,
57.6,
-218.3,
115.1,
512.8,
-60.4,
-356.8,
244.4,
-74.8,
143.9,
-518.6,
-191.1,
167.4,
-369.2,
-266.9,
141.5,
438.6,
55.2,
-163.8,
55.6,
6.5,
127.0,
235.0,
-143.4,
153.2,
-276.8,
-153.9,
301.5,
689.5,
-225.0,
195.4,
-374.0,
-94.8,
-137.6,
193.7,
-81.3,
167.8,
121.6,
133.7,
-150.4,
-763.2,
60.3,
175.2,
-463.2,
-444.2,
63.2,
620.7,
-576.0,
171.7,
-18.3,
3.2,
-230.1,
-46.6,
-682.9,
-618.5,
237.1,
39.4,
130.3,
-4.0,
-309.7,
-476.7,
-274.7,
85.4,
-483.3,
58.6,
252.5,
159.9,
510.8,
-171.2,
32.2,
25.5,
-148.9,
-435.3,
-176.9,
60.3,
-8.7,
448.5,
262.1,
-56.1,
673.2,
-183.5,
31.8,
-321.7,
32.1,
179.6,
302.3,
230.8,
37.4,
-79.5,
161.8,
83.9,
-146.2,
-114.5,
-233.2,
275.4,
-162.3,
-32.5,
-198.5,
-162.7,
408.7,
-112.4,
78.3,
247.4,
-190.3,
-163.4,
-148.4,
686.6,
-186.8,
-131.4,
-236.5,
-306.7,
43.8,
-522.4,
-84.1,
-330.2,
106.0,
-88.5,
-38.5,
-116.1,
23.5,
-97.9,
-0.9,
-229.1,
56.6,
335.4,
-161.2,
191.4,
27.0,
-235.1,
538.8,
168.9,
-314.4,
-457.2,
21.6,
493.1,
78.2,
-378.3,
-450.8,
-418.0,
-257.8,
-356.6,
-234.9,
-715.2,
-663.6,
96.2,
-151.6,
-117.9,
-38.5,
-632.9,
495.0,
226.1,
81.9,
-183.7,
395.5,
-97.5,
-816.0,
640.9,
97.3,
-80.9,
-368.1,
-501.6,
-178.4,
711.2,
158.3,
-404.2,
336.8,
-423.4,
-174.0,
520.5,
-552.9,
-45.5,
43.8,
170.3,
183.8,
-84.5,
-11.6,
98.6,
-300.3,
344.1,
-76.6,
-509.7,
179.7,
-271.3,
-392.6,
516.8,
-46.2,
278.0,
124.5,
-943.5,
-49.1,
-76.8,
248.2,
242.4,
35.3,
618.2,
277.3,
361.1,
-279.3,
-40.7,
14.9,
-158.0,
308.4,
-32.3,
417.3,
100.7,
300.6,
-479.6,
-23.0,
-6.7,
164.9,
-141.7,
138.8,
34.5,
-535.5,
144.8,
-99.2,
-272.6,
214.7,
146.8,
-99.3,
223.7,
241.8,
-331.4,
190.7,
-214.7,
245.3,
378.5,
320.5,
-784.6,
-74.1,
-166.8,
318.4,
-27.1,
-387.5,
-185.4,
-216.2,
102.2,
377.0,
99.4,
-152.1,
164.2,
205.1,
-201.5,
126.8,
-194.3,
-82.7,
343.5,
-17.2,
-97.9,
306.7,
415.7,
497.4,
284.7,
-86.2,
-274.4,
-261.9,
231.5,
264.0,
84.7,
432.8,
151.3,
308.2,
163.0,
-29.2,
-192.0,
-312.4,
-47.0,
-315.2,
-19.4,
3.4,
157.5,
445.1,
186.0,
288.2,
-100.3,
-95.3,
-77.7,
-321.6,
300.4,
144.1,
-170.6,
-500.6,
627.9,
58.3,
-193.0,
235.1,
-262.3,
153.1,
-49.4,
-231.5,
-86.4,
420.4,
-154.3,
709.3,
-67.7,
-99.7,
23.2,
7.4,
153.7,
-419.2,
66.5,
-206.2,
-349.0,
178.3,
-112.0,
548.8,
-291.5,
659.1,
93.6,
-330.4,
-126.9,
302.7,
-280.7,
-446.5,
-78.0,
-168.0,
639.4,
-77.1,
-120.5,
-323.7,
313.1,
150.4,
45.4,
-204.5,
-480.2,
290.5,
36.1,
300.6,
-127.1,
-90.0,
416.1,
492.1,
-117.6,
-120.7,
204.6,
75.5,
594.4,
-76.9,
-183.0,
211.4,
207.5,
-210.2,
251.3,
100.9,
119.3,
-544.4,
-306.7,
192.6,
-316.4,
149.2,
-2.5,
-316.0,
-84.1,
-200.9,
471.2,
-382.8,
-343.0,
540.9,
-207.6,
-208.7,
-259.8,
46.4,
-101.3,
246.8,
217.8,
40.5,
85.4,
237.9,
-205.6,
41.9,
25.8,
108.5,
-285.2,
-413.6,
252.5,
242.6,
358.9,
-23.1,
-357.4,
-113.6,
-244.0,
-217.7,
270.0,
395.7,
425.5,
773.5,
-28.5,
202.6,
426.0,
-262.7,
-419.8,
-77.6,
-77.2,
-337.5,
212.6,
-404.2,
422.8,
-115.7,
-15.2,
128.9,
368.3,
-562.3,
53.0,
722.9,
-689.1,
459.1,
-111.8,
73.8,
221.7,
-22.7,
-72.8,
154.0,
445.4,
-79.7,
636.3,
88.2,
36.9,
198.4,
-125.8,
164.5,
142.6,
-238.3,
-322.6,
181.2,
126.3,
286.7,
-101.1,
18.1,
-187.4,
333.3,
575.7,
-634.0,
390.9,
-25.8,
-394.7,
683.2,
-85.8,
-59.3,
309.0,
-309.9,
-59.7,
112.8,
-167.0,
141.9,
140.6,
-91.3,
346.3,
40.8,
-587.8,
323.3,
-73.5,
-299.8,
30.6,
-133.3,
-215.7,
89.0,
-89.7,
211.8,
-14.7,
-65.1,
328.3,
-117.2,
460.5,
185.0,
-47.4,
286.4,
-202.1,
463.1,
-71.1,
-140.0,
-140.2,
-300.0,
-503.2,
-181.1,
158.2,
-441.1,
-63.2,
-25.0,
-588.8,
-332.3,
-373.6,
136.8,
106.8,
-209.6,
452.1,
117.7,
270.4,
-288.2,
-10.2,
-337.3,
-119.8,
117.4,
278.8,
376.2,
258.1,
271.4,
-302.4,
-223.5,
-478.8,
132.7,
-599.7,
-292.3,
39.8,
228.2,
66.9,
95.5,
-113.5,
655.7,
-67.8,
-114.2,
-343.5,
63.1,
104.6,
-84.7,
30.4,
64.6,
-409.4,
-66.1,
-135.2,
438.7,
-142.9,
-295.5,
-37.2,
-670.6,
662.2,
346.2,
22.8,
123.5,
187.9,
-232.7,
249.8,
351.4,
-234.8,
79.8,
-224.7,
-171.2,
-337.7,
46.9,
-550.3,
-392.8,
-311.8,
-362.3,
153.0,
-91.7,
394.0,
118.9,
-245.8,
218.6,
407.9,
-348.7,
-38.5,
245.8,
-643.1,
-368.2,
450.5,
413.8,
-373.2,
-670.4,
-277.3,
204.8,
326.3,
14.2,
286.3,
110.0,
-158.3,
128.6,
557.5,
74.2,
588.4,
-72.2,
460.3,
118.7,
274.9,
161.6,
-340.5,
-45.6,
210.1,
246.9,
-393.0,
-346.1,
300.1,
-129.3,
-235.9,
-269.8,
-119.1,
73.7,
82.3,
-425.0,
81.8,
-57.6,
-0.5,
-199.1,
39.5,
-289.2,
94.1,
-27.7,
13.2,
57.6,
-240.7,
420.5,
-142.1,
228.7,
-167.6,
540.4,
147.3,
-155.3,
-260.0,
-134.9,
-103.4,
347.0,
108.8,
127.2,
368.1,
455.8,
-168.0,
-370.5,
99.7,
-472.7,
80.0,
55.2,
130.4,
499.1,
-282.8,
291.6,
509.8,
397.1,
-124.9,
140.6,
447.2,
-300.7,
-248.6,
-341.6,
100.8,
176.4,
-183.0,
-450.5,
-116.7,
324.6,
233.2,
-512.8,
108.2,
244.9,
-436.2,
-457.5,
-169.1,
-519.4,
-72.9,
15.6,
452.6,
278.5,
79.5,
-522.7,
589.0,
-107.8,
-3.0,
-175.7,
258.1,
269.9,
-193.6,
366.8,
-318.5,
24.7,
347.1,
-292.3,
-350.8,
-287.0,
70.8,
-264.0,
164.4,
20.1,
-375.0,
226.9,
117.0,
-15.2,
-465.1,
136.1,
-152.8,
528.3,
266.3,
181.5,
-353.0,
684.2,
93.0,
227.4,
63.9,
-659.9,
-245.9,
268.9,
112.1,
-246.2,
168.6,
-481.6,
-303.6,
-589.0,
53.4,
607.9,
-296.6,
-142.7,
-187.6,
-53.9,
635.5,
-399.1,
-378.8,
61.6,
-168.9,
-159.4,
-340.7,
-137.5,
-228.6,
-149.4,
63.9,
210.6,
-95.6,
184.2,
486.6,
-605.2,
-597.2,
512.8,
-23.3,
-97.1,
-43.4,
-252.5,
5.5,
322.1,
5.1,
-1163.5,
-433.0,
111.3,
46.0,
-230.4,
-68.6,
-51.8,
-322.9,
-17.7,
302.0,
210.3,
-376.8,
-179.8,
36.2,
-198.3,
-228.3,
84.7,
194.8,
-170.5,
-423.3,
-49.9,
217.1,
-133.7,
233.3,
163.6,
357.2,
-531.8,
602.1,
-107.7,
2.0,
-484.5,
-204.2,
346.1,
353.3,
-86.4,
-46.0,
10.5,
160.6,
-85.9,
-136.9,
-229.2,
-92.5,
272.6,
606.5,
236.2,
465.2,
-30.9,
302.7,
-79.4,
-158.2,
-169.5,
289.6,
-308.0,
105.2,
223.8,
106.1,
71.8,
-273.4,
147.2,
134.4,
839.2,
190.8,
59.0,
-57.0,
11.7,
-503.7,
31.0,
-820.0,
145.4,
-149.5,
-11.1,
243.7,
-365.1,
40.4,
-591.2,
133.1,
-274.1,
-139.6,
-580.2,
-16.2,
163.3,
-47.4,
494.1,
352.0,
-738.8,
391.3,
-234.7,
-40.2,
-31.6,
154.5,
-317.1,
-32.1,
274.2,
-36.7,
303.2,
-292.8,
650.3,
282.4,
-273.6,
567.6,
212.3,
-304.9,
-467.9,
351.3,
-166.3,
-22.5,
-168.7,
197.6,
-59.7,
-32.8,
-17.7,
-428.2,
274.6,
24.5,
-220.4,
-32.2,
462.2,
-366.7,
-343.1,
82.4,
-251.0,
285.4,
-99.5,
-191.8,
206.8,
139.1,
-288.0,
-252.8,
-1.6,
291.9,
-119.6,
-101.6,
492.2,
-279.5,
347.1,
153.4,
110.7,
85.1,
203.9,
-603.8,
-163.2,
217.2,
-146.1,
196.2,
69.3,
-286.7,
-195.0,
256.3,
236.7,
78.8,
86.3,
169.3,
10.4,
156.4,
15.4,
-186.8,
62.0,
391.2,
360.7,
24.5,
-99.2,
-37.8,
-226.2,
87.0,
51.9,
184.1,
200.5,
-427.7,
125.2,
65.9,
584.7,
-160.8,
187.1,
-297.9,
-296.6,
-419.5,
141.1,
50.3,
-63.8,
235.6,
-120.2,
318.3,
-411.6,
-566.1,
-526.6,
-446.1,
227.2,
216.6,
-120.4,
-193.6,
-451.6,
353.3,
82.0,
-88.0,
250.4,
321.5,
429.1,
-122.7,
-107.9,
62.2,
224.1,
414.1,
23.1,
-443.2,
182.9,
-20.1,
-323.9,
-34.4,
-40.0,
242.7,
27.3,
-426.3,
-600.0,
-366.9,
-8.3,
-230.4,
228.6,
211.5,
26.6,
148.1,
-212.7,
-142.3,
566.8,
175.4,
34.6,
22.8,
-313.3,
-269.9,
-86.9,
186.9,
-324.5,
166.4,
214.9,
387.2,
259.4,
391.0,
-88.5,
-289.6,
227.6,
-38.5,
-339.8,
-289.7,
-128.9,
87.9,
567.7,
418.8,
-161.2,
-48.5,
105.5,
526.8,
-13.6,
13.5,
169.5,
-20.1,
-78.8,
-462.7,
-662.0,
-46.8,
-131.1,
86.2,
217.1,
402.7,
-168.1,
-432.1,
278.5,
242.7,
-190.1,
354.6,
-115.3,
-434.6,
-230.1,
210.7,
183.3,
320.4,
-72.5,
381.4,
-240.4,
-271.8,
380.9,
-256.1,
-174.9,
-20.9,
273.0,
360.0,
-116.9,
-415.7,
-147.3,
300.9,
-61.0,
-246.8,
-386.6,
-116.8,
-111.7,
524.7,
-409.8,
34.0,
-79.0,
14.4,
-20.8,
-72.3,
128.2,
181.3,
-345.6,
99.1,
39.5,
-181.1,
-3.9,
172.5,
-181.9,
422.1,
-95.9,
-57.1,
-26.6,
114.1,
-12.8,
-371.1,
-66.3,
130.8,
493.7,
75.8,
-417.6,
-105.9,
-130.7,
227.7,
21.4,
-122.6,
-136.7,
-36.1,
-152.7,
-239.2,
138.7,
129.7,
49.4,
-94.4,
-74.6,
235.5,
-16.7,
294.9,
-205.6,
143.1,
-98.2,
-635.0,
-316.5,
-846.6,
148.0,
-104.1,
-490.9,
67.6,
202.4,
492.3,
-568.8,
202.0,
-196.5,
79.9,
-118.0,
-322.3,
-333.2,
-529.5,
114.7,
387.5,
-47.0,
39.5,
111.5,
-52.8,
473.6,
-146.2,
-69.3,
-351.3,
-122.6,
217.1,
-429.4,
49.9,
-537.1,
-145.5,
340.4,
-329.3,
-8.3,
452.0,
232.6,
129.4,
-333.9,
-557.2,
-293.6,
-44.5,
508.8,
-167.1,
354.2,
-87.3,
301.7,
-84.5,
-171.6,
131.7,
82.7,
-234.0,
-84.4,
271.6,
-353.2,
375.8,
410.9,
-455.2,
-108.7,
-706.4,
118.6,
-214.6,
42.6,
-212.9,
460.7,
-342.0,
-16.8,
224.6,
-673.8,
-528.1,
-184.0,
296.3,
-76.3,
-351.5,
81.3,
142.4,
267.3,
-270.9,
-156.1,
114.9,
-231.9,
-279.7,
234.1,
426.3,
121.3,
-317.2,
-210.7,
-423.1,
660.5,
-827.6,
-61.7,
639.7,
475.9,
-261.8,
-200.1,
268.3,
-104.0,
358.2,
70.9,
-474.8,
-149.2,
-5.3,
111.1,
134.0,
0.2,
-626.7,
39.8,
297.2,
-355.1,
229.2,
-564.0,
-319.3,
-21.9,
124.9,
51.3,
306.3,
-286.3,
-23.3,
-144.1,
-150.2,
-172.6,
-252.1,
-121.7,
343.1,
162.4,
397.7,
-134.4,
-13.7,
-189.4,
247.7,
-339.9,
414.8,
-72.9,
415.3,
-185.5,
33.6,
-459.6,
-671.6,
-383.9,
204.7,
272.4,
-25.6,
-280.0,
-265.0,
155.2,
284.6,
51.2,
-381.3,
341.9,
174.0,
-296.3,
-0.1,
96.6,
85.8,
-308.9,
218.5,
322.3,
458.5,
-498.6,
115.8,
259.7,
119.3,
-227.6,
626.8,
-45.2,
162.1,
-442.1,
176.4,
177.6,
-14.9,
411.2,
217.8,
-415.5,
-349.5,
78.2,
572.1,
92.4,
51.7,
-344.7,
-207.5,
-285.4,
-36.6,
620.2,
-188.2,
-87.3,
-8.7,
135.0,
-657.1,
-27.1,
221.6,
219.1,
-84.7,
407.0,
190.6,
-54.6,
-359.3,
-128.5,
538.8,
249.4,
586.0,
-201.1,
85.6,
237.4,
-320.4,
310.8,
112.7,
1.0,
-26.9,
-260.7,
583.9,
334.1,
-246.2,
-261.4,
-14.5,
225.9,
-70.7,
226.5,
-208.8,
-230.3,
134.4,
-458.5,
-599.2,
486.9,
73.2,
338.7,
-272.2,
237.9,
85.2,
467.1,
562.8,
138.2,
228.9,
-182.5,
-341.8,
117.6,
-269.8,
267.9,
92.4,
124.3,
66.0,
216.4,
-34.5,
64.8,
253.5,
363.8,
-16.1,
78.0,
200.5,
264.3,
-186.2,
9.6,
3.3,
267.3,
60.2,
141.7,
-133.9,
-68.0,
168.3,
-131.1,
245.4,
-838.9,
251.8,
-69.1,
-914.4,
49.8,
-709.3,
-44.7,
-242.0,
-372.1,
-553.5,
333.8,
95.6,
-236.7,
303.3,
107.8,
-197.5,
-138.3,
406.1,
608.2,
384.4,
-24.1,
-392.9,
-310.5,
-176.6,
214.4,
96.8,
-85.5,
210.4,
-284.8,
131.7,
164.3,
-327.4,
-84.4,
-60.4,
-117.4,
-23.6,
-262.4,
474.7,
-157.4,
402.1,
378.5,
-37.2,
-13.8,
246.8,
-239.5,
-34.9,
529.9,
580.8,
178.5,
27.7,
-14.8,
19.5,
-403.6,
-59.1,
120.5,
397.4,
-583.8,
-55.5,
168.6,
454.4,
-234.7,
-297.0,
-209.3,
-156.5,
-239.8,
-8.9,
472.5,
51.4,
-301.5,
180.9,
420.3,
38.9,
139.0,
143.6,
-519.4,
-13.7,
43.7,
90.0,
-300.4,
-63.2,
72.9,
-29.7,
-68.6,
327.6,
196.1,
-155.5,
-689.7,
-28.8,
-240.8,
85.2,
-452.7,
-9.5,
-263.8,
141.0,
360.7,
-343.2,
521.3,
138.6,
-291.3,
-40.7,
376.7,
190.7,
581.3,
63.3,
307.8,
-99.8,
102.5,
-585.4,
115.3,
233.0,
-169.6,
137.1,
121.5,
206.5,
-430.0,
534.3,
-39.1,
246.1,
58.5,
314.6,
129.7,
-320.0,
208.0,
-145.1,
-420.7,
-340.3,
-90.1,
636.6,
-252.5,
36.8,
-127.6,
-206.3,
226.7,
163.4,
430.9,
-298.1,
44.1,
-131.8,
445.8,
47.3,
-166.5,
166.3,
250.7,
-51.2,
81.2,
-77.3,
-15.8,
-505.7,
-330.7,
-167.0,
-400.1,
-623.4,
971.3,
-193.5,
17.1,
188.5,
428.8,
-73.0,
517.7,
-638.4,
-392.8,
140.5,
109.1,
84.8,
134.4,
-21.4,
-1.8,
-171.8,
0.8,
164.5,
44.4,
-110.1,
-135.4,
-42.2,
-50.9,
-158.3,
66.7,
162.8,
362.7,
222.1,
1.9,
297.5,
15.1,
538.7,
152.4,
-28.1,
193.5,
409.7,
351.7,
-30.8,
-37.2,
203.9,
563.2,
-27.4,
103.2,
-455.0,
-123.6,
-263.3,
-79.3,
-470.1,
303.0,
-289.7,
-103.9,
45.9,
225.6,
-53.8,
155.5,
255.8,
-59.1,
-270.5,
-85.3,
76.0,
174.0,
-880.7,
-286.3,
98.7,
-155.2,
-179.7,
57.5,
-166.0,
6.0,
128.7,
299.1,
77.3,
-148.6,
-284.9,
313.6,
333.7,
-19.6,
435.2,
294.6,
-177.6,
180.0,
-157.8,
-306.9,
-93.9,
602.0,
-290.2,
-229.6,
-124.5,
230.6,
151.8,
-139.9,
264.8,
122.3,
59.5,
37.1,
-511.7,
-40.1,
530.8,
117.6,
-554.2,
-439.2,
-539.0,
-188.3,
93.2,
-171.0,
-425.1,
84.8,
297.4,
-440.2,
-625.4,
225.5,
-69.7,
130.8,
31.3,
194.4,
-385.2,
417.7,
322.5,
9.6,
-218.6,
-129.5,
-450.9,
-579.0,
-595.4,
5.8,
459.5,
49.6,
-249.1,
-242.7,
261.7,
253.6,
523.7,
85.7,
-134.4,
-284.6,
-105.1,
-389.2,
96.5,
37.3,
-73.0,
271.1,
263.6,
-192.2,
-94.0,
196.5,
-164.1,
214.2,
-10.2,
221.0,
-80.3,
-322.9,
-214.2,
-496.1,
-111.5,
-31.2,
-11.2,
-121.6,
321.0,
276.5,
180.6,
5.5,
-481.7,
31.1,
525.7,
254.7,
10.2,
119.0,
252.8,
45.2,
-13.4,
-371.5,
130.8,
128.0,
199.5,
80.1,
-295.2,
-269.3,
-330.6,
-6.1,
293.0,
246.0,
-48.3,
56.7,
-48.7,
8.5,
208.6,
2.5,
-80.3,
-90.7,
456.2,
-406.5,
-126.5,
284.9,
-49.1,
-489.2,
674.5,
24.0,
12.1,
-503.9,
-59.0,
229.5,
185.2,
98.4,
-347.1,
-441.9,
-16.3,
-251.3,
-276.4,
104.2,
543.6,
-124.6,
71.4,
-173.2,
-166.8,
-478.1,
-375.1,
-90.7,
337.3,
222.8,
220.2,
92.9,
-241.1,
198.3,
177.8,
106.4,
-453.1,
558.9,
327.6,
-333.8,
475.9,
-398.4,
-84.3,
-291.5,
-161.4,
-208.8,
544.6,
-200.9,
-184.8,
-68.6,
12.7,
-376.7,
-277.0,
-53.5,
-483.3,
-318.1,
30.3,
384.8,
-115.2,
289.7,
-508.6,
122.7,
441.1,
367.1,
164.7,
-320.4,
364.4,
413.4,
-229.2,
-440.2,
-295.8,
-635.6,
131.2,
80.7,
445.6,
-169.4,
-75.1,
52.7,
432.5,
-220.0,
264.9,
202.6,
-309.5,
362.7,
270.8,
697.5,
220.5,
-428.1,
-487.9,
343.0,
-639.0,
-136.0,
249.0,
334.0,
-530.6,
25.2,
116.2,
516.2,
-458.5,
142.8,
-41.5,
-438.9,
328.0,
83.8,
22.4,
-438.3,
-168.8,
238.8,
-330.2,
302.0,
-150.7,
427.3,
14.1,
62.3,
-190.4,
71.1,
68.9,
200.6,
-95.5,
323.4,
-82.1,
-281.7,
-187.3,
-364.5,
-313.5,
245.7,
-500.2,
-55.1,
-64.8,
22.6,
251.8,
343.1,
-14.3,
-391.9,
21.9,
263.5,
13.1,
193.6,
-139.6,
-314.6,
205.5,
177.7,
198.4,
21.9,
-467.1,
-448.7,
197.5,
-285.1,
-727.6,
-219.5,
23.2,
-464.4,
-131.9,
60.6,
304.8,
-268.5,
143.9,
591.2,
385.6,
505.2,
-80.0,
-380.2,
182.0,
4.3,
299.4,
529.1,
296.1,
300.8,
39.1,
-257.2,
-139.6,
187.8,
162.3,
-357.3,
66.5,
-234.3,
52.6,
540.8,
577.2,
650.5,
-380.6,
136.8,
55.2,
20.7,
269.3,
6.2,
-61.4,
49.7,
-116.0,
-304.3,
217.1,
90.8,
-87.2,
458.3,
-62.3,
-249.8,
-541.8,
165.3,
777.6,
-61.2,
-49.3,
412.1,
-363.3,
-302.6,
161.1,
-230.4,
363.9,
-30.9,
-267.3,
32.5,
403.8,
-243.8,
311.1,
-498.9,
-280.3,
-137.7,
-135.5,
130.2,
-50.9,
-454.3,
25.5,
-27.9,
-146.4,
-414.6,
192.3,
29.9,
-158.7,
39.9,
206.4,
73.5,
39.2,
-80.7,
396.3,
503.2,
-211.7,
473.0,
-859.8,
-344.0,
-303.6,
614.6,
21.7,
607.2,
-379.0,
202.1,
-68.3,
-360.4,
140.0,
-286.3,
-21.7,
269.3,
246.1,
-631.6,
310.6,
-1.7,
107.1,
2.9,
46.8,
101.7,
119.8,
213.1,
45.0,
261.7,
-184.7,
380.6,
-198.0,
334.3,
-167.8,
-183.2,
165.6,
213.3,
-87.6,
271.9,
49.8,
55.6,
333.2,
195.0,
-721.0,
135.4,
211.9,
-29.5,
-341.6,
333.5,
-86.1,
-194.9,
7.8,
455.6,
-243.3,
-59.8,
49.0,
146.2,
-30.6,
501.2,
-218.6,
-129.5,
-59.1,
79.2,
296.8,
555.9,
456.6,
25.5,
-178.1,
98.2,
295.9,
-156.0,
86.0,
385.4,
116.9,
-140.4,
-262.9,
462.9,
78.2,
-253.4,
-293.5,
-45.4,
-102.5,
-515.1,
19.1,
331.5,
619.5,
552.5,
24.4,
-559.3,
0.3,
105.4,
-53.0,
-493.4,
211.0,
272.1,
-331.3,
-84.3,
-511.7,
577.5,
-162.3,
483.4,
-56.3,
173.8,
-17.6,
-294.0,
111.6,
336.0,
254.5,
-25.3,
-306.9,
-343.6,
101.7,
166.3,
437.9,
-166.5,
-225.3,
336.9,
13.9,
-77.4,
-317.0,
412.0,
-171.3,
-465.5,
185.9,
-217.9,
397.8,
83.8,
126.4,
55.3,
-415.1,
339.8,
197.5,
79.1,
9.3,
-307.0,
-19.0,
-96.8,
419.2,
-313.6,
98.0,
345.9,
-215.7,
477.1,
-173.1,
-105.3,
-216.0,
-246.6,
244.2,
587.1,
-31.9,
-347.0,
-446.4,
-121.8,
168.5,
-600.2,
310.2,
177.1,
-43.3,
-37.2,
-53.8,
-189.2,
399.8,
-29.3,
-649.5,
-70.1,
502.7,
-5.4,
-9.5,
140.3,
-393.7,
52.8,
281.9,
-343.8,
-192.2,
-314.3,
-393.8,
-38.9,
532.8,
247.4,
671.1,
494.1,
777.5,
-141.3,
298.9,
-225.3,
-179.6,
-81.9,
316.0,
301.8,
-165.1,
174.3,
-240.3,
-12.1,
-59.6,
-91.7,
491.3,
-268.1,
307.3,
-288.2,
93.5,
273.4,
204.3,
71.3,
-275.9,
-33.7,
-230.8,
-203.5,
-78.8,
-506.7,
-219.3,
-468.9,
406.9,
-217.4,
112.3,
433.0,
107.2,
39.7,
110.3,
148.2,
611.6,
-180.8,
-162.5,
-131.2,
-225.3,
-578.2,
66.2,
-292.0,
-123.1,
361.6,
-507.7,
-390.1,
-447.4,
94.3,
-160.9,
296.5,
331.5,
-18.3,
-428.8,
-364.0,
87.1,
-341.8,
-166.5,
676.5,
370.9,
524.9,
279.0,
288.0,
267.0,
261.4,
-409.0,
355.4,
27.1,
-83.8,
307.8,
-72.5,
297.3,
-89.4,
-77.7,
-495.6,
-310.3,
164.7,
68.0,
461.3,
412.6,
359.2,
409.6,
199.4,
-15.2,
-77.8,
34.3,
-556.2,
-133.6,
-10.7,
245.1,
-270.7,
613.5,
-155.0,
-152.1,
-242.0,
-154.4,
-456.4,
-0.4,
-485.0,
15.2,
-205.1,
58.4,
-260.3,
-185.0,
334.1,
202.7,
-354.5,
396.7,
-151.9,
-575.9,
-151.4,
-14.9,
-108.4,
233.7,
-293.6,
-152.6,
-78.7,
316.2,
172.8,
60.7,
5.4,
-25.2,
-87.2,
-148.0,
95.4,
-349.6,
-116.5,
287.8,
-351.8,
152.8,
118.4,
466.4,
-104.4,
-152.4,
100.8,
453.9,
-126.4,
-740.5,
-202.9,
116.4,
-22.4,
-39.3,
286.1,
84.6,
42.1,
-99.7,
218.2,
172.9,
-498.6,
459.9,
173.6,
-100.2,
-336.6,
-9.4,
177.6,
186.6,
173.3,
-87.2,
70.1,
-244.0,
429.4,
-160.8,
-534.2,
240.4,
-329.2,
-307.8,
278.1,
-145.8,
-70.1,
107.2,
158.5,
127.9,
-41.6,
-481.2,
-296.4,
-51.6,
489.9,
-266.8,
-259.5,
40.4,
-147.5,
-185.3,
181.2,
-181.2,
17.6,
-62.2,
-223.8,
-5.0,
122.6,
-62.4,
-294.9,
-556.1,
-209.6,
-202.9,
-136.4,
253.9,
345.9,
-148.7,
181.4,
75.0,
-137.5,
638.7,
702.5,
-206.8,
-176.4,
-561.5,
216.0,
737.1,
-640.6,
99.0,
-155.9,
174.8,
812.7,
414.5,
-413.1,
-504.3,
463.0,
277.9,
210.7,
535.7,
203.4,
-536.0,
-174.1,
9.6,
-250.1,
85.6,
-252.3,
-105.8,
-222.5,
213.4,
-26.6,
-927.4,
129.9,
154.3,
216.3,
-353.3,
486.0,
-320.9,
-186.2,
144.7,
84.5,
9.6,
114.0,
140.3,
-308.5,
149.3,
-157.5,
-131.7,
-110.8,
-5.4,
63.5,
285.1,
-3.5,
27.6,
-86.7,
16.3,
-101.5,
98.1,
36.8,
-195.1,
347.0,
186.7,
414.8,
-226.8,
141.7,
418.1,
131.2,
190.7,
-18.0,
-20.6,
-35.3,
-164.5,
427.3,
-422.7,
151.0,
87.3,
30.9,
-840.1,
-6.7,
-339.5,
-664.4,
104.9,
-297.7,
-221.4,
151.5,
108.1,
-342.4,
-142.2,
-129.6,
434.1,
142.8,
470.5,
-271.5,
394.7,
474.4,
238.3,
-568.2,
-406.3,
-794.0,
80.3,
202.9,
110.4,
159.1,
202.6,
163.6,
67.8,
-80.2,
145.0,
352.2,
164.2,
414.8,
11.0,
258.2,
-388.1,
221.3,
418.0,
262.0,
-366.4,
-457.1,
-426.4,
-438.7,
-297.1,
10.7,
266.9,
-278.7,
-502.6,
299.3,
77.6,
-82.0,
-335.5,
-151.5,
425.6,
-331.7,
-263.1,
431.7,
-92.6,
283.6,
-308.7,
-185.3,
-324.3,
-333.9,
14.1,
173.2,
296.9,
-78.0,
465.4,
287.5,
54.2,
-554.7,
218.2,
-138.7,
174.7,
-728.2,
138.0,
174.9,
209.0,
-85.7,
-500.1,
266.2,
-53.7,
166.7,
714.5,
158.0,
-71.0,
425.1,
-66.9,
-78.8,
-575.1,
106.4,
-213.4,
71.0,
361.3,
-667.3,
199.2,
63.2,
-129.0,
-321.6,
276.1,
-194.4,
-374.0,
-374.1,
-783.3,
-206.4,
-274.4,
0.2,
-448.3,
-304.2,
4.2,
-339.6,
-319.2,
46.4,
-15.1,
407.7,
78.0,
201.4,
615.7,
306.9,
219.1,
62.8,
261.3,
-392.5,
214.4,
-238.2,
-273.7,
-370.4,
334.4,
139.0,
20.2,
3.6,
201.8,
-260.5,
203.1,
-206.2,
192.3,
234.6,
23.2,
3.0,
-44.6,
-798.5,
-24.0,
-389.1,
437.4,
-281.4,
91.4,
72.5,
154.8,
-214.1,
-289.9,
-188.9,
84.6,
15.3,
189.8,
56.9,
-149.3,
17.7,
-97.9,
44.5,
212.3,
558.0,
-525.0,
-511.3,
-573.0,
-224.9,
-88.1,
-41.1,
-423.6,
449.0,
354.5,
-72.3,
171.6,
-81.4,
-33.7,
-897.0,
-66.6,
-916.7,
-320.8,
-329.2,
2.8,
525.7,
-200.0,
-131.8,
303.3,
-143.0,
162.5,
-346.9,
-261.8,
-389.9,
51.6,
-583.9,
17.0,
5.2,
118.5,
-235.1,
-24.0,
-450.2,
466.0,
-598.0,
380.2,
-358.0,
-499.7,
-524.9,
-84.6,
541.3,
177.5,
114.7,
-102.1,
45.3,
-288.1,
185.5,
389.0,
-62.0,
20.0,
-66.3,
116.0,
617.9,
648.9,
-121.4,
-362.7,
-311.6,
-251.4,
-44.4,
43.7,
228.8,
-514.3,
107.9,
-424.7,
77.7,
282.5,
314.8,
-284.9,
69.0,
601.0,
39.6,
-104.5,
561.9,
260.5,
111.8,
-368.7,
52.2,
112.3,
117.9,
-170.7,
494.0,
103.6,
149.3,
-61.5,
71.4,
575.8,
168.7,
135.6,
-172.9,
216.2,
-261.4,
324.0,
161.4,
-113.7,
-136.3,
-260.5,
51.7,
-86.4,
319.2,
-226.4,
-76.2,
170.2,
-10.1,
-230.1,
-16.1,
717.1,
-228.5,
502.9,
27.6,
624.0,
101.9,
164.6,
-51.4,
218.6,
-117.6,
-46.7,
434.7,
-602.1,
-30.8,
-359.6,
-185.8,
-355.3,
-16.3,
366.9,
148.4,
-396.6,
-256.4,
130.8,
27.6,
399.7,
263.2,
287.4,
158.2,
-21.6,
93.2,
-683.7,
-312.4,
-61.3,
291.6,
-46.8,
-158.5,
-63.7,
300.1,
-483.6,
393.1,
-43.5,
16.9,
48.0,
-290.8,
285.8,
61.9,
231.9,
298.0,
25.2,
105.2,
128.7,
-384.7,
-27.8,
231.3,
-104.5,
-100.4,
-412.4,
274.3,
-154.0,
-196.1,
268.7,
-30.2,
183.5,
446.3,
177.9,
334.4,
16.3,
-264.4,
85.9,
-104.9,
-563.8,
-187.4,
-41.2,
188.6,
353.0,
59.8,
-7.6,
396.6,
294.1,
-206.7,
409.8,
388.6,
345.8,
-188.6,
-236.2,
173.2,
-28.9,
167.6,
-434.4,
-117.4,
-386.1,
215.2,
594.6,
-120.7,
26.6,
688.8,
-289.3,
255.6,
-56.9,
430.2,
-148.8,
505.4,
665.7,
-21.4,
-72.1,
-374.6,
-314.6,
98.9,
-431.0,
232.6,
-216.0,
89.1,
-301.0,
634.3,
-621.7,
-282.9,
-23.9,
739.6,
-293.9,
276.9,
320.8,
511.1,
0.5,
77.4,
212.8,
141.9,
310.7,
-123.5,
-97.4,
-18.4,
217.0,
-388.0,
-208.6,
-255.4,
-29.7,
-516.9,
-133.3,
14.4,
86.3,
-228.3,
-296.0,
-310.3,
71.1,
157.9,
-24.5,
-202.3,
29.9,
187.1,
-448.9,
-53.0,
-797.5,
380.2,
-541.4,
540.8,
-269.5,
-563.3,
276.6,
333.9,
-351.3,
562.2,
-190.6,
-164.8,
196.6,
114.6,
61.0,
163.9,
253.7,
-9.6,
-124.3,
161.4,
36.0,
264.7,
-388.2,
-44.4,
312.5,
-331.7,
717.1,
274.5,
385.6,
262.9,
-225.2,
-160.2,
-239.8,
-416.1,
-170.7,
-7.0,
251.1,
-88.0,
246.9,
-44.8,
-238.0,
-311.8,
-51.9,
31.0,
-270.1,
151.8,
-51.2,
-159.6,
586.6,
74.6,
244.1,
447.1,
-266.4,
-211.7,
26.4,
-214.2,
-398.7,
392.5,
154.7,
337.7,
180.0,
-110.5,
183.4,
-366.0,
-351.8,
-404.9,
-369.7,
44.2,
-197.5,
412.1,
293.8,
117.3,
-145.8,
-209.6,
-653.4,
-111.7,
-407.1,
-122.3,
-192.3,
-327.5,
-295.4,
-96.9,
-354.7,
-298.9,
-451.3,
205.4,
59.1,
39.3,
294.5,
-84.5,
37.0,
233.2,
-265.2,
-29.1,
-239.3,
-70.4,
38.2,
648.2,
94.0,
63.1,
159.1,
-91.4,
169.7,
-46.2,
-504.7,
-276.2,
138.0,
-70.4,
-36.8,
108.1,
-227.4,
-514.9,
-190.4,
-148.7,
-55.5,
-411.0,
-41.4,
324.4,
-96.6,
-118.4,
107.5,
245.9,
111.2,
201.5,
-129.3,
-80.0,
110.2,
-104.6,
-4.6,
-465.3,
312.0,
226.9,
-442.6,
-185.0,
-274.1,
92.5,
128.9,
-436.4,
285.6,
-462.1,
233.9,
-41.4,
-498.3,
364.0,
105.8,
-134.3,
-151.1,
-96.2,
125.6,
377.7,
-279.6,
304.0,
90.3,
-295.4,
-27.6,
-141.6,
-704.0,
-27.6,
420.5,
-102.7,
115.9,
-456.8,
237.6,
77.3,
-20.6,
66.7,
-313.9,
-44.7,
131.1,
1067.6,
134.0,
-296.9,
301.9,
-182.2,
-267.0,
203.9,
15.8,
33.4,
892.5,
-209.0,
-150.5,
-57.3,
109.0,
340.3,
323.2,
420.7,
235.6,
-352.0,
-14.8,
-454.6,
385.3,
-201.5,
-693.0,
490.2,
-639.2,
99.4,
133.0,
-482.2,
188.1,
-235.8,
-584.9,
-53.6,
255.6,
-255.4,
-314.4,
355.5,
156.3,
-120.0,
-1.2,
199.4,
60.6,
-441.0,
137.7,
-108.9,
-208.9,
-42.7,
-216.8,
-251.8,
-340.3,
338.3,
-284.1,
402.9,
-22.2,
251.1,
-441.5,
-301.7,
218.3,
92.3,
140.7,
351.7,
-170.7,
384.9,
222.5,
657.0,
324.4,
-54.7,
-342.1,
-252.7,
-303.9,
475.5,
475.7,
95.8,
92.9,
-382.4,
152.6,
90.0,
524.5,
329.0,
250.2,
313.3,
110.2,
256.2,
-235.3,
-158.2,
190.5,
-96.1,
223.6,
-87.2,
469.8,
-158.8,
-274.8,
309.5,
445.7,
130.0,
-813.6,
318.3,
406.0,
-416.6,
288.7,
447.3,
381.8,
-94.5,
-133.7,
-11.2,
-385.5,
77.7,
-280.8,
9.8,
212.1,
37.7,
77.0,
-153.6,
194.4,
382.2,
-50.5,
-404.1,
57.2,
281.8,
-382.2,
123.2,
344.2,
-550.3,
-112.7,
30.9,
263.6,
-483.7,
-53.8,
0.7,
-206.9,
424.3,
208.5,
-125.0,
-183.4,
305.0,
-172.3,
531.2,
384.0,
-4.5,
67.2,
-375.6,
-335.3,
438.3,
384.7,
156.2,
412.7,
-122.7,
28.2,
39.1,
113.2,
-258.9,
42.9,
317.0,
-199.5,
-121.4,
-213.0,
-351.1,
-64.0,
42.4,
-99.8,
320.0,
-282.9,
106.1,
-35.2,
17.6,
-242.8,
413.1,
-50.5,
-227.8,
70.8,
-62.0,
-102.7,
158.9,
-555.3,
74.6,
-81.1,
187.6,
183.7,
-180.2,
177.6,
346.8,
-30.4,
-564.7,
-138.4,
161.9,
-374.2,
-106.2,
183.1,
-335.7,
-520.6,
177.3,
61.8,
62.1,
539.6,
-211.8,
396.6,
-294.6,
-408.8,
144.3,
-133.0,
17.7,
-298.1,
771.2,
74.9,
-77.5,
-337.6,
47.8,
-222.6,
181.2,
112.8,
64.9,
37.9,
-132.3,
491.0,
119.3,
-498.0,
328.2,
51.9,
-417.2,
35.7,
497.3,
-193.2,
-276.9,
337.1,
7.2,
-123.1,
-120.5,
-259.6,
-471.1,
190.6,
193.5,
-89.1,
141.5,
587.1,
287.3,
-145.4,
402.7,
-297.9,
190.3,
261.8,
-313.4,
-93.9,
-14.3,
212.2,
-204.0,
482.6,
-436.5,
453.3,
78.6,
-241.8,
315.2,
-105.8,
-359.9,
-53.5,
362.0,
304.5,
-600.9,
-500.6,
-207.6,
-14.4,
50.0,
149.1,
660.8,
-13.3,
-19.2,
347.8,
285.6,
-65.8,
374.8,
173.9,
-702.3,
13.8,
-450.4,
-201.4,
-351.7,
-447.5,
410.6,
150.7,
34.3,
-10.8,
452.8,
-261.3,
132.6,
129.1,
-445.9,
18.0,
-295.7,
207.9,
-166.6,
-581.5,
-177.6,
-61.6,
-135.8,
18.9,
-470.5,
-314.2,
202.5,
82.3,
-79.1,
219.7,
-268.2,
25.1,
-212.4,
498.8,
-165.1,
-31.8,
338.0,
313.0,
-86.2,
-201.2,
152.9,
56.1,
-255.5,
33.9,
380.1,
-469.9,
554.0,
-299.1,
27.1,
-149.4,
-219.7,
-720.1,
99.6,
-241.4,
207.5,
-122.7,
50.6,
-376.2,
309.0,
488.7,
21.3,
-473.7,
-217.7,
-507.6,
-219.4,
-117.2,
705.0,
4.0,
-365.2,
193.1,
-254.3,
74.3,
307.6,
63.6,
302.4,
231.5,
74.5,
67.5,
495.3,
-198.1,
122.3,
385.0,
-138.7,
406.4,
-138.3,
-39.3,
-53.8,
376.2,
386.2,
218.3,
-319.6,
120.5,
-70.1,
-516.0,
-360.9,
86.1,
-601.6,
363.1,
-770.2,
-287.5,
-309.9,
116.4,
-65.1,
-313.5,
-215.6,
-293.3,
154.5,
163.3,
147.2,
150.6,
-379.5,
600.4,
90.4,
-197.4,
-232.2,
-133.4,
114.1,
-28.5,
-222.9,
4.6,
-287.4,
85.2,
135.9,
-118.1,
-8.0,
11.0,
56.3,
-147.0,
155.2,
-180.3,
-367.8,
-59.4,
161.0,
-397.1,
-640.1,
-172.2,
292.5,
6.9,
-678.9,
-400.6,
578.8,
30.4,
665.2,
-156.3,
36.6,
-61.6,
-55.0,
-353.8,
393.2,
-2.4,
198.0,
-85.6,
217.0,
-588.4,
-98.5,
-297.2,
-178.0,
938.6,
102.7,
289.3,
-98.5,
-92.9,
-184.7,
-67.2,
-86.4,
-206.1,
193.8,
274.3,
-161.0,
463.2,
146.4,
208.4,
-175.7,
-169.7,
-77.6,
-100.2,
459.5,
-768.2,
-10.2,
428.2,
239.6,
150.4,
-299.6,
53.2,
41.3,
-19.5,
60.4,
-156.6,
289.5,
1.1,
-34.1,
828.4,
-162.0,
751.5,
-126.2,
243.1,
181.4,
520.3,
102.5,
137.9,
75.6,
-257.2,
31.5,
-310.5,
-447.9,
244.6,
-59.9,
188.1,
19.8,
136.0,
-121.4,
-474.1,
-142.0,
140.1,
66.7,
-106.3,
89.0,
308.2,
-612.6,
-279.1,
-115.1,
-148.4,
-278.8,
215.7,
-515.8,
-241.1,
263.7,
502.8,
-326.0,
311.5,
-484.1,
-199.8,
103.6,
-238.5,
-29.5,
-285.0,
3.5,
-533.4,
-644.8,
-218.5,
382.0,
-3.2,
28.8,
-733.4,
27.7,
-47.0,
51.9,
429.6,
-701.6,
113.5,
-146.7,
257.6,
-15.8,
-173.0,
-86.4,
-296.6,
40.2,
409.9,
257.3,
60.9,
156.4,
153.0,
-229.4,
19.6,
-686.8,
135.6,
602.1,
53.8,
44.2,
227.8,
74.3,
-155.0,
-81.0,
-486.5,
-394.7,
-112.3,
-86.2,
179.5,
40.0,
50.1,
272.4,
177.7,
475.2,
-66.8,
-206.4,
-38.3,
286.0,
-174.8,
212.3,
-483.4,
110.7,
-548.3,
-207.3,
-269.3,
-158.6,
-172.0,
-242.3,
-504.3,
42.5,
429.9,
-62.6,
210.1,
218.1,
-389.4,
-618.2,
-150.9,
-285.0,
-170.7,
-154.1,
106.7,
-32.7,
-178.7,
-41.3,
719.6,
257.0,
-171.5,
-362.5,
-85.7,
84.9,
231.9,
493.8,
-69.9,
389.2,
171.4,
338.9,
-295.6,
397.6,
518.5,
116.2,
470.1,
-279.0,
283.2,
73.1,
159.0,
-103.9,
-252.4,
274.3,
-124.7,
341.2,
39.0,
420.0,
-67.0,
-183.5,
132.7,
-315.1,
-196.2,
190.4,
107.8,
-315.3,
-87.6,
-551.5,
46.9,
11.8,
254.6,
-45.7,
103.0,
12.5,
-103.4,
-413.2,
-411.0,
86.5,
-78.4,
143.2,
64.4,
79.4,
-165.2,
-416.9,
623.8,
181.5,
-120.1,
-122.3,
9.9,
-121.5,
146.7,
-153.1,
227.3,
-388.6,
384.2,
-82.3,
-168.8,
-397.8,
253.0,
226.9,
58.2,
-140.0,
-82.3,
-17.9,
-31.4,
-464.5,
-33.6,
16.8,
-723.5,
498.8,
-811.5,
435.2,
505.9,
-335.2,
-408.0,
82.4,
41.2,
-153.6,
790.3,
-34.0,
70.6,
-320.9,
-564.8,
160.9,
171.4,
223.2,
131.7,
323.6,
-268.4,
262.6,
-165.2,
-325.1,
58.6,
446.1,
-280.4,
-47.2,
235.9,
-134.9,
129.1,
326.4,
86.1,
369.0,
-431.3,
-147.2,
585.0,
-62.4,
430.3,
386.1,
194.2,
-433.9,
-252.6,
-62.3,
-295.2,
-936.9,
131.6,
555.7,
145.8,
-339.2,
-386.4,
373.5,
-339.5,
133.1,
740.3,
-2.8,
-99.5,
-187.8,
-117.6,
-520.7,
278.4,
-237.6,
-403.5,
6.8,
531.8,
97.5,
-608.3,
-152.6,
-458.2,
164.4,
-135.9,
429.3,
35.6,
449.7,
161.4,
876.7,
3.4,
-170.1,
24.6,
447.7,
-1.4,
-108.4,
242.8,
-107.2,
-165.3,
592.1,
-48.6,
-409.4,
-304.0,
-427.7,
-64.4,
20.2,
-117.3,
-54.5,
464.6,
-8.0,
-415.2,
-457.3,
208.5,
196.1,
-117.0,
-1050.3,
-50.1,
-279.3,
345.6,
16.7,
95.1,
39.9,
-83.5,
-299.8,
38.4,
-373.7,
168.5,
-542.1,
394.7,
-441.4,
-147.7,
46.7,
450.7,
-215.6,
-25.7,
-328.5,
365.0,
-108.9,
-265.2,
-186.6,
590.3,
-135.0,
-180.5,
-149.3,
155.3,
-368.1,
-4.3,
-180.0,
-493.0,
65.5,
458.2,
-9.0,
-164.4,
718.6,
-63.6,
-48.7,
-793.8,
-151.2,
-295.7,
-32.4,
78.7,
-167.2,
189.7,
-85.4,
-387.6,
-417.4,
-81.9,
104.7,
-171.8,
31.2,
-431.9,
131.7,
638.5,
-6.8,
-174.4,
112.4,
214.7,
267.4,
319.5,
-57.6,
-142.1,
29.9,
-273.4,
-201.6,
99.9,
-80.0,
-53.8,
-108.4,
-28.4,
4.1,
-162.5,
346.6,
362.3,
73.9,
389.8,
293.5,
193.0,
257.2,
68.4,
310.3,
87.4,
-699.6,
86.5,
-127.1,
-418.0,
162.4,
386.1,
77.8,
91.1,
285.2,
332.8,
573.2,
-63.7,
-292.2,
120.2,
-219.3,
231.1,
401.1,
-59.1,
91.0,
66.2,
-536.9,
96.1,
64.2,
-243.2,
267.6,
44.8,
-324.9,
-355.6,
7.1,
876.9,
28.6,
-3.6,
-62.8,
12.5,
86.9,
-355.0,
-236.3,
-185.7,
791.1,
-33.1,
218.1,
256.5,
483.6,
168.5,
-448.7,
56.2,
-23.8,
-279.9,
-233.3,
-250.1,
-196.4,
298.2,
352.2,
149.3,
-372.6,
-439.6,
-495.8,
-341.4,
168.1,
-144.8,
150.2,
741.1,
61.1,
-115.4,
136.3,
175.4,
31.8,
-523.7,
-312.8,
225.0,
-123.2,
124.9,
-421.7,
486.0,
-641.6,
-9.7,
-130.6,
144.1,
-233.5,
-330.7,
305.5,
-145.8,
-358.6,
-99.4,
-243.8,
-7.7,
-374.2,
252.8,
-93.1,
105.9,
103.5,
82.1,
-78.2,
-181.9,
-177.0,
140.2,
327.8,
260.6,
243.3,
567.2,
-156.9,
106.3,
-90.9,
-20.7,
-190.1,
312.8,
470.5,
-364.6,
-168.0,
-44.3,
400.8,
21.4,
625.3,
119.5,
-243.6,
106.8,
335.2,
84.7,
-153.2,
-407.2,
-160.6,
135.6,
-194.1,
552.9,
249.3,
-105.6,
-349.6,
281.6,
201.3,
1.1,
-234.1,
50.6,
-81.4,
-385.0,
145.7,
-184.4,
-125.3,
-587.7,
251.8,
149.2,
-639.4,
88.2,
-3.6,
-499.9,
404.0,
130.8,
300.8,
373.3,
-177.9,
-550.0,
-41.3,
17.0,
-327.4,
79.5,
-38.2,
150.7,
-79.4,
643.1,
-399.9,
789.1,
-912.1,
-263.4,
303.2,
-133.0,
-221.1,
-518.4,
129.3,
-87.3,
-659.5,
61.0,
-384.6,
-454.0,
385.1,
-382.8,
207.8,
268.9,
376.2,
211.6,
79.9,
-332.3,
-525.7,
-749.8,
-263.2,
14.4,
-268.5,
755.1,
103.8,
203.7,
-590.0,
-49.0,
-195.3,
132.8,
138.8,
387.6,
-259.4,
-387.4,
-509.2,
-381.7,
498.3,
-250.8,
-157.7,
-35.5,
340.6,
-265.6,
245.0,
378.0,
-461.4,
353.1,
475.9,
-30.1,
-86.6,
-184.2,
125.2,
-6.4,
334.6,
137.7,
-140.2,
-14.0,
30.6,
307.0,
-228.4,
119.9,
-135.4,
-572.0,
-40.0,
-141.5,
723.8,
-105.6,
101.2,
129.8,
-2.9,
337.3,
-157.3,
350.5,
357.5,
-83.3,
-249.1,
125.6,
-315.7,
162.8,
-248.3,
-15.4,
-527.9,
-105.4,
304.8,
-15.1,
346.5,
-235.3,
-198.7,
-105.7,
-137.4,
-216.8,
-197.8,
12.0,
7.3,
-708.5,
-329.8,
149.6,
-142.4,
-58.0,
540.3,
-148.2,
378.3,
570.3,
139.4,
55.2,
-308.3,
-39.8,
-96.1,
-112.6,
-187.9,
519.1,
195.8,
87.6,
-252.6,
204.2,
420.8,
183.0,
-102.4,
135.9,
-76.9,
-412.2,
-153.6,
162.1,
-338.5,
327.0,
369.1,
-646.5,
438.7,
62.6,
-118.4,
-332.3,
9.0,
-458.9,
369.1,
93.6,
250.8,
37.0,
156.4,
-43.8,
-442.9,
-246.6,
-75.1,
250.2,
326.9,
-175.9,
-487.6,
79.1,
616.6,
-102.9,
161.4,
186.3,
-301.8,
41.1,
-242.7,
-123.5,
62.5,
137.1,
165.1,
331.2,
56.1,
427.0,
216.7,
268.5,
-146.0,
10.6,
-152.0,
389.1,
101.4,
267.8,
-74.6,
-82.8,
-76.7,
411.4,
310.3,
316.2,
81.3,
396.8,
353.9,
224.3,
-126.6,
-0.8,
272.7,
-74.3,
246.1,
310.2,
-105.3,
-697.0,
-33.5,
120.0,
26.2,
43.0,
200.2,
154.2,
214.3,
-376.2,
72.2,
-58.4,
-502.8,
505.8,
-159.9,
589.7,
-232.9,
36.3,
-278.7,
26.1,
-176.7,
281.4,
-318.1,
346.4,
-85.9,
-75.5,
449.5,
-91.2,
345.3,
-519.7,
-90.4,
176.7,
76.6,
67.8,
296.9,
286.4,
71.8,
524.5,
322.1,
1.5,
114.7,
-304.5,
224.5,
426.6,
-44.1,
-611.8,
-484.1,
163.2,
-217.6,
55.6,
-542.6,
-686.5,
199.3,
240.7,
77.2,
91.2,
104.9,
-412.0,
-497.7,
-331.7,
-255.3,
10.8,
-132.9,
-18.7,
199.0,
-3.7,
349.3,
197.3,
-272.1,
-609.5,
-145.1,
-320.2,
-136.1,
190.8,
-78.1,
-6.5,
170.4,
133.5,
-166.9,
131.1,
-606.6,
215.5,
-357.9,
-407.5,
277.3,
265.2,
272.1,
-510.4,
-292.9,
-210.1,
293.2,
-287.0,
323.8,
-451.8,
-147.1,
-109.7,
-434.5,
458.6,
-49.1,
87.0,
-458.7,
370.0,
-459.0,
-492.8,
777.3,
-141.7,
-1.2,
104.1,
35.9,
-496.4,
21.1,
406.0,
-411.1,
-246.9,
39.6,
-365.2,
140.3,
189.0,
-133.8,
172.0,
-99.3,
-316.0,
358.4,
427.7,
91.4,
-328.2,
164.6,
-143.5,
-278.1,
192.8,
488.8,
139.3,
197.2,
-105.9,
-377.1,
-108.8,
-59.2,
-34.4,
-71.8,
45.5,
91.9,
30.0,
-117.1,
233.7,
121.7,
336.0,
442.1,
227.5,
160.9,
-18.9,
55.9,
-25.0,
-58.5,
82.8,
-204.4,
-149.9,
-49.9,
-143.6,
-406.3,
380.3,
15.3,
41.0,
-445.2,
179.7,
83.0,
88.8,
371.2,
18.4,
46.1,
-88.3,
-282.9,
-144.5,
-212.1,
-149.7,
-138.2,
109.3,
428.1,
-202.5,
524.1,
260.4,
413.5,
-213.4,
8.0,
354.8,
-272.6,
262.6,
-505.0,
-287.8,
-402.9,
-155.3,
-460.1,
509.7,
325.0,
81.2,
-138.0,
141.1,
-275.2,
