TEMP,
297.32,
301.38,
297.06,
301.17,
301.80,
303.55,
298.22,
307.16,
294.34,
292.02,
293.49,
293.89,
301.04,
300.79,
301.42,
297.42,
304.36,
298.25,
297.15,
294.59,
302.61,
300.62,
309.09,
303.94,
305.76,
297.47,
303.32,
291.42,
302.37,
293.25,
298.06,
295.17,
296.50,
304.87,
297.49,
300.63,
291.01,
299.57,
295.00,
299.15,
305.03,
305.63,
303.76,
295.78,
297.33,
296.58,
298.60,
301.86,
298.03,
305.47,
305.09,
288.05,
297.03,
306.92,
307.98,
299.77,
312.24,
293.90,
306.90,
295.94,
298.22,
292.61,
296.42,
293.22,
292.17,
298.87,
296.06,
294.58,
297.02,
293.03,
283.59,
295.35,
302.80,
296.02,
300.96,
304.16,
304.52,
308.92,
298.35,
302.15,
301.04,
295.54,
300.94,
298.30,
298.26,
293.54,
290.81,
292.64,
304.19,
294.10,
295.98,
300.64,
293.19,
298.22,
293.63,
296.22,
296.21,
296.50,
303.94,
307.73,
304.72,
294.09,
314.45,
299.45,
299.50,
298.91,
305.03,
295.63,
296.48,
299.31,
303.90,
299.23,
294.49,
301.96,
286.14,
299.47,
303.94,
305.23,
297.59,
298.26,
293.13,
293.14,
294.33,
296.26,
292.70,
293.43,
292.75,
304.06,
306.31,
302.32,
294.91,
291.31,
293.06,
291.96,
292.94,
307.89,
304.85,
301.92,
294.45,
295.68,
297.83,
303.02,
298.75,
290.90,
293.26,
298.26,
292.47,
292.36,
301.27,
291.66,
300.16,
300.74,
297.04,
298.79,
309.45,
310.80,
301.54,
297.51,
300.47,
303.08,
296.53,
299.82,
301.69,
301.66,
289.96,
301.28,
303.14,
302.83,
300.68,
302.36,
299.49,
296.46,
303.44,
290.02,
304.77,
303.16,
301.29,
297.08,
301.88,
299.20,
303.15,
296.37,
302.40,
303.30,
299.19,
291.23,
294.63,
294.28,
304.22,
289.07,
311.64,
296.11,
300.92,
297.22,
294.52,
297.39,
297.22,
305.71,
302.58,
307.37,
305.98,
292.00,
291.42,
306.76,
299.99,
296.21,
299.20,
297.20,
299.00,
291.60,
299.69,
288.90,
295.71,
299.82,
296.20,
294.68,
306.61,
297.42,
297.07,
298.28,
288.95,
297.72,
294.69,
293.06,
295.23,
287.42,
301.66,
303.78,
292.03,
301.22,
295.57,
301.58,
291.34,
301.66,
300.96,
300.57,
297.80,
286.48,
293.95,
310.20,
291.86,
299.03,
313.83,
305.68,
305.10,
299.62,
293.71,
299.50,
286.10,
305.36,
299.62,
283.86,
303.69,
299.57,
303.21,
298.98,
302.24,
307.72,
295.96,
289.24,
289.61,
301.57,
296.81,
298.13,
292.69,
291.65,
289.75,
296.06,
299.67,
303.84,
300.26,
298.31,
288.23,
292.56,
307.32,
301.18,
299.99,
307.18,
290.69,
305.98,
307.83,
305.84,
292.28,
296.14,
293.64,
295.94,
297.19,
297.44,
289.03,
307.78,
294.83,
299.35,
293.96,
294.85,
295.26,
304.80,
288.20,
299.50,
289.09,
298.66,
300.20,
297.85,
292.27,
287.68,
293.64,
300.55,
296.88,
293.76,
303.78,
291.67,
296.27,
306.94,
302.13,
292.22,
303.68,
299.39,
298.96,
299.60,
299.76,
301.68,
305.59,
301.76,
298.98,
302.90,
292.78,
298.08,
301.83,
295.58,
291.75,
302.85,
293.14,
297.38,
295.63,
299.96,
310.21,
299.78,
302.75,
298.82,
300.13,
296.57,
293.43,
295.11,
302.76,
294.84,
296.99,
303.87,
292.15,
293.33,
299.61,
297.68,
298.36,
300.62,
297.70,
298.08,
287.24,
288.96,
290.64,
298.78,
291.73,
303.04,
293.96,
304.09,
307.66,
305.73,
293.81,
300.14,
303.78,
300.35,
301.79,
289.78,
299.04,
302.50,
295.87,
296.11,
304.76,
305.27,
303.09,
302.01,
295.81,
297.83,
297.51,
307.12,
299.13,
297.86,
305.06,
307.57,
306.53,
292.69,
299.22,
300.28,
294.37,
291.23,
296.78,
295.75,
304.75,
298.32,
301.49,
297.92,
305.92,
303.42,
289.38,
292.61,
305.08,
290.57,
298.80,
304.04,
298.95,
283.62,
294.84,
297.81,
299.56,
293.73,
299.84,
295.81,
295.22,
287.05,
293.23,
302.31,
293.79,
302.62,
294.72,
299.90,
293.06,
300.80,
301.27,
300.39,
310.23,
295.71,
286.04,
291.28,
304.80,
298.59,
304.95,
309.11,
286.12,
298.01,
300.08,
301.33,
296.16,
288.48,
293.19,
299.20,
298.95,
289.16,
292.23,
299.39,
292.51,
296.62,
300.81,
304.29,
303.61,
304.62,
299.90,
303.03,
308.99,
301.15,
306.03,
297.28,
298.09,
290.38,
302.96,
307.93,
294.29,
299.07,
294.82,
298.40,
301.61,
298.54,
296.33,
285.50,
288.19,
295.76,
291.35,
293.83,
294.52,
305.15,
293.93,
299.69,
299.77,
288.70,
294.11,
302.33,
300.19,
292.63,
292.91,
296.81,
295.86,
306.43,
304.81,
301.94,
300.75,
301.16,
291.92,
298.26,
295.06,
296.32,
295.62,
296.26,
289.44,
292.40,
294.04,
297.41,
297.38,
300.97,
294.86,
298.46,
300.26,
286.73,
293.86,
298.33,
297.24,
300.97,
296.51,
301.77,
296.43,
285.91,
293.67,
299.41,
297.10,
303.21,
296.67,
305.16,
291.07,
300.01,
291.31,
296.44,
288.79,
292.50,
298.44,
294.17,
298.90,
295.47,
294.22,
289.80,
301.97,
294.04,
299.46,
295.48,
296.96,
300.93,
296.00,
300.36,
292.46,
296.57,
288.24,
293.01,
293.43,
294.92,
297.43,
284.64,
309.09,
293.57,
296.81,
298.01,
295.08,
299.96,
298.98,
300.99,
292.35,
302.32,
299.44,
301.37,
295.27,
302.13,
301.77,
306.44,
303.61,
295.26,
297.28,
309.00,
294.48,
305.97,
300.07,
296.91,
304.37,
305.78,
304.05,
295.04,
293.50,
293.80,
298.80,
300.82,
297.66,
305.90,
293.65,
291.35,
287.71,
294.43,
299.36,
294.75,
294.55,
299.46,
303.67,
298.32,
303.42,
301.44,
301.21,
304.15,
297.52,
292.34,
296.70,
297.26,
300.57,
307.24,
303.40,
300.35,
303.00,
294.06,
288.90,
300.81,
299.11,
303.76,
304.63,
303.60,
292.48,
300.25,
299.79,
295.95,
297.92,
298.33,
298.46,
293.61,
296.24,
295.46,
293.03,
290.42,
292.91,
303.48,
299.28,
295.85,
293.80,
302.46,
298.42,
305.62,
287.33,
301.49,
297.49,
291.86,
286.63,
300.72,
289.93,
285.64,
288.28,
289.28,
290.94,
297.07,
294.26,
300.79,
300.91,
292.96,
297.49,
296.96,
296.84,
300.05,
301.53,
301.95,
300.26,
294.94,
288.68,
296.74,
303.35,
303.63,
305.20,
290.08,
303.22,
300.13,
308.22,
302.41,
300.89,
301.88,
300.37,
302.24,
300.91,
296.62,
294.88,
301.45,
296.58,
300.28,
307.25,
303.82,
300.21,
293.82,
301.35,
297.91,
290.21,
287.54,
300.26,
299.49,
300.32,
298.48,
306.53,
301.10,
297.85,
301.36,
296.32,
302.67,
304.07,
303.62,
306.05,
296.84,
305.75,
292.68,
299.39,
300.64,
297.83,
291.53,
303.19,
299.42,
300.89,
304.38,
297.93,
298.75,
295.10,
289.10,
300.93,
295.50,
299.67,
293.90,
301.19,
291.51,
300.49,
294.09,
301.55,
305.57,
300.48,
293.69,
299.72,
294.84,
294.04,
293.55,
293.67,
307.87,
284.55,
305.79,
291.38,
307.75,
296.44,
300.04,
301.82,
300.84,
292.90,
297.47,
304.34,
303.95,
302.96,
300.22,
303.85,
300.42,
293.19,
300.22,
299.42,
298.76,
293.69,
293.57,
296.55,
296.90,
299.34,
295.51,
303.70,
307.12,
300.66,
305.86,
298.29,
291.82,
294.86,
301.36,
295.41,
292.26,
298.32,
298.73,
291.68,
299.38,
299.83,
290.57,
310.65,
286.62,
295.63,
297.98,
309.06,
292.71,
295.50,
291.45,
295.36,
301.14,
295.58,
300.19,
295.36,
290.55,
289.05,
301.88,
306.03,
288.22,
296.07,
300.80,
296.40,
300.26,
303.24,
297.82,
296.28,
297.95,
293.57,
292.11,
289.96,
300.36,
299.78,
301.56,
297.33,
296.23,
302.19,
293.66,
292.33,
298.08,
311.04,
301.03,
294.97,
295.66,
300.91,
302.95,
306.89,
295.71,
302.60,
295.60,
304.08,
298.02,
296.59,
304.38,
300.74,
288.19,
292.43,
293.56,
292.98,
291.28,
301.57,
303.87,
305.30,
298.19,
299.23,
294.06,
301.17,
302.32,
299.84,
299.85,
295.19,
289.84,
296.77,
303.33,
288.59,
290.52,
294.83,
293.39,
285.45,
290.31,
296.25,
307.41,
306.06,
301.91,
301.62,
303.49,
293.49,
298.19,
297.84,
298.26,
303.23,
313.06,
297.84,
295.93,
295.19,
307.11,
300.13,
302.08,
304.68,
295.63,
293.79,
297.96,
302.46,
296.84,
296.97,
299.19,
300.64,
307.84,
301.66,
295.18,
304.60,
302.37,
291.41,
295.10,
306.93,
303.49,
290.95,
293.90,
298.72,
304.27,
298.82,
295.05,
294.22,
300.46,
301.36,
306.47,
293.40,
293.16,
293.73,
303.48,
306.85,
293.51,
301.88,
305.60,
302.91,
291.17,
307.88,
304.55,
297.95,
305.13,
295.21,
290.77,
295.31,
293.31,
297.68,
298.53,
299.21,
294.48,
295.75,
282.61,
299.71,
301.07,
298.34,
294.53,
291.39,
298.60,
300.30,
295.66,
300.89,
295.95,
297.17,
292.63,
298.84,
292.80,
300.30,
294.49,
292.20,
296.77,
291.94,
296.08,
289.49,
300.01,
299.54,
300.96,
300.92,
298.50,
295.28,
292.28,
304.12,
299.94,
301.35,
301.87,
295.74,
298.86,
302.03,
302.03,
301.21,
298.47,
303.38,
300.45,
291.24,
292.07,
299.68,
308.35,
298.50,
301.35,
293.84,
304.31,
296.99,
288.25,
296.74,
298.23,
307.62,
296.23,
303.93,
312.20,
310.91,
300.66,
299.96,
292.81,
299.41,
293.05,
296.10,
294.91,
303.74,
299.09,
300.56,
301.43,
291.03,
291.33,
291.53,
297.42,
291.93,
288.59,
290.43,
296.01,
293.36,
298.72,
306.06,
296.24,
295.98,
300.23,
308.49,
293.86,
303.84,
296.61,
301.90,
292.95,
290.95,
292.17,
302.58,
301.25,
301.29,
305.16,
302.65,
298.76,
299.02,
306.25,
307.06,
302.07,
288.68,
293.16,
293.16,
296.83,
295.55,
297.27,
296.61,
296.06,
305.11,
289.35,
294.84,
297.66,
297.28,
301.60,
298.15,
294.52,
300.05,
301.80,
298.01,
294.19,
298.44,
295.49,
289.95,
288.48,
304.73,
297.07,
302.46,
297.39,
290.36,
292.31,
295.80,
290.27,
295.49,
291.26,
297.80,
297.43,
301.90,
295.74,
293.07,
305.72,
301.08,
311.15,
300.79,
298.16,
297.27,
293.48,
304.77,
303.68,
299.84,
300.34,
298.41,
290.39,
291.22,
296.99,
300.01,
298.28,
291.52,
292.30,
300.41,
296.99,
301.06,
300.96,
310.91,
294.23,
297.07,
287.01,
293.21,
290.86,
300.87,
298.61,
294.56,
303.55,
295.32,
299.54,
294.42,
292.42,
304.08,
292.61,
303.71,
298.44,
300.72,
292.33,
299.62,
301.27,
297.87,
292.93,
299.60,
299.99,
294.38,
300.74,
298.23,
299.23,
300.86,
306.80,
287.05,
297.12,
295.07,
292.28,
292.35,
295.91,
293.23,
305.84,
297.47,
294.46,
298.84,
298.31,
296.48,
291.31,
301.14,
292.54,
299.85,
303.11,
293.61,
306.49,
294.83,
296.22,
301.53,
303.58,
295.68,
296.18,
290.90,
296.93,
290.87,
287.01,
290.19,
296.65,
293.40,
285.28,
298.86,
294.33,
296.81,
291.60,
296.73,
301.55,
302.41,
291.28,
298.01,
297.41,
299.40,
290.24,
287.61,
299.85,
302.01,
296.43,
288.87,
295.94,
301.29,
302.92,
294.19,
291.66,
285.97,
291.62,
298.93,
302.19,
298.81,
299.90,
295.98,
297.46,
304.06,
288.77,
296.51,
290.76,
304.05,
294.95,
298.17,
292.25,
289.98,
285.45,
294.39,
304.32,
301.26,
298.42,
304.77,
294.66,
303.17,
306.16,
296.97,
299.75,
295.02,
282.51,
300.11,
308.25,
298.16,
302.76,
307.59,
312.13,
303.32,
295.81,
304.27,
296.49,
302.59,
292.38,
285.77,
291.77,
303.07,
296.44,
300.07,
294.06,
303.26,
301.34,
304.23,
299.43,
303.41,
295.83,
294.83,
296.43,
295.42,
305.03,
294.22,
295.79,
305.93,
295.77,
295.23,
297.05,
294.37,
297.15,
298.74,
304.58,
290.20,
300.62,
302.74,
295.25,
306.90,
289.26,
294.66,
294.41,
298.98,
299.09,
289.66,
302.07,
309.20,
298.29,
287.77,
312.86,
297.92,
294.78,
296.46,
293.88,
296.13,
288.76,
288.16,
297.55,
299.15,
300.55,
297.92,
292.55,
302.14,
298.48,
303.48,
308.34,
307.80,
298.37,
295.39,
294.48,
292.30,
296.56,
289.95,
301.98,
302.13,
300.52,
296.49,
302.13,
294.42,
299.61,
298.83,
297.12,
304.58,
294.63,
288.22,
300.65,
302.42,
297.34,
298.16,
296.65,
311.26,
295.82,
296.42,
303.38,
293.71,
296.23,
298.92,
300.84,
291.75,
297.71,
294.16,
300.25,
296.06,
304.44,
307.45,
289.92,
290.59,
296.48,
291.87,
291.74,
294.29,
299.39,
308.89,
299.95,
297.66,
296.67,
295.02,
307.54,
296.03,
308.67,
303.59,
295.97,
300.41,
295.58,
293.82,
307.80,
303.77,
291.32,
317.37,
295.33,
289.06,
279.25,
289.57,
306.40,
297.84,
296.48,
298.23,
311.12,
297.94,
309.38,
301.28,
294.38,
283.78,
300.67,
297.37,
308.17,
289.45,
298.77,
289.46,
294.36,
304.28,
291.37,
297.31,
292.35,
299.39,
303.60,
304.23,
295.95,
294.21,
307.53,
293.59,
291.89,
297.38,
300.80,
287.65,
303.77,
302.72,
296.93,
293.34,
291.70,
295.82,
295.02,
290.08,
301.74,
287.00,
294.86,
297.38,
297.41,
290.70,
299.59,
300.04,
294.61,
289.66,
293.02,
294.57,
293.71,
303.90,
299.05,
302.10,
292.80,
289.54,
292.58,
302.80,
306.69,
304.58,
302.68,
294.10,
309.84,
306.86,
302.94,
291.92,
300.39,
296.05,
297.29,
294.11,
298.17,
307.12,
297.53,
298.33,
299.77,
295.57,
295.90,
308.98,
295.62,
295.21,
297.24,
301.93,
309.00,
302.89,
300.63,
307.43,
311.34,
298.18,
304.50,
306.11,
304.69,
296.74,
290.30,
296.60,
290.94,
295.37,
292.90,
298.18,
300.15,
303.84,
296.70,
300.11,
303.26,
299.87,
302.09,
300.41,
302.67,
301.50,
296.72,
302.69,
294.05,
298.86,
303.59,
302.74,
296.17,
295.60,
294.60,
293.25,
294.15,
299.13,
295.42,
294.68,
296.46,
298.10,
300.96,
294.83,
300.03,
303.55,
307.62,
295.72,
294.69,
294.50,
300.32,
288.91,
297.69,
293.96,
295.70,
297.63,
299.75,
288.42,
294.51,
305.08,
297.75,
300.60,
295.79,
292.37,
299.90,
311.27,
301.43,
296.77,
291.02,
296.83,
303.60,
295.23,
304.23,
312.53,
301.35,
298.09,
300.13,
302.52,
300.99,
295.87,
309.21,
308.54,
298.70,
298.41,
292.40,
298.19,
298.96,
289.92,
295.30,
299.37,
297.14,
301.07,
305.48,
296.21,
303.27,
297.77,
295.82,
299.60,
291.39,
299.60,
289.74,
295.78,
300.58,
295.48,
297.28,
293.94,
296.63,
299.90,
299.20,
295.55,
294.69,
293.36,
299.17,
296.69,
306.60,
297.85,
300.37,
294.91,
296.53,
294.12,
295.84,
301.85,
295.25,
306.78,
305.77,
296.92,
294.57,
298.94,
292.37,
301.05,
295.22,
298.84,
293.48,
294.30,
296.14,
297.64,
297.88,
303.16,
303.18,
291.73,
303.42,
305.02,
299.34,
295.87,
291.32,
299.91,
293.63,
299.14,
301.58,
303.61,
307.05,
306.91,
296.77,
297.45,
304.72,
290.88,
298.55,
309.41,
301.13,
311.30,
303.36,
302.00,
303.55,
296.10,
291.04,
312.42,
302.75,
298.69,
300.92,
292.49,
302.29,
290.38,
302.24,
307.43,
311.07,
305.29,
302.88,
304.37,
301.12,
296.46,
293.89,
296.33,
294.63,
289.63,
298.51,
293.06,
299.63,
306.36,
301.28,
300.44,
293.00,
292.61,
296.06,
292.61,
294.38,
293.00,
300.09,
296.39,
289.86,
300.18,
294.60,
294.22,
297.51,
298.24,
303.18,
301.21,
299.37,
287.86,
296.38,
299.37,
295.44,
295.80,
295.84,
301.34,
302.67,
299.96,
294.95,
294.95,
289.00,
297.20,
302.65,
303.42,
302.69,
301.98,
284.17,
295.89,
299.20,
299.88,
303.25,
302.32,
304.32,
297.53,
288.55,
297.48,
293.60,
294.61,
297.79,
297.61,
297.19,
299.26,
297.92,
294.19,
300.38,
306.67,
305.97,
307.25,
301.07,
301.30,
288.15,
295.09,
307.70,
307.94,
294.79,
293.62,
294.44,
292.12,
300.00,
295.69,
299.80,
291.16,
301.20,
301.13,
299.05,
305.95,
313.75,
297.50,
303.24,
301.00,
304.82,
302.75,
290.25,
296.55,
294.40,
298.77,
299.29,
296.90,
307.05,
304.92,
299.12,
303.33,
300.37,
298.54,
298.66,
288.46,
303.81,
304.44,
288.88,
292.24,
297.53,
291.91,
295.68,
300.66,
307.40,
289.35,
292.24,
296.35,
302.59,
295.43,
299.26,
296.80,
305.34,
306.52,
290.18,
296.44,
305.41,
305.89,
290.74,
293.50,
300.40,
294.02,
296.31,
293.22,
295.50,
299.86,
293.68,
310.25,
297.78,
301.94,
290.45,
300.14,
299.37,
308.21,
308.28,
299.93,
294.72,
301.22,
292.14,
299.90,
298.64,
301.81,
298.37,
290.90,
297.51,
288.01,
302.56,
303.91,
300.45,
295.87,
301.54,
298.32,
300.12,
295.67,
300.77,
300.59,
303.82,
291.51,
291.68,
297.78,
292.80,
295.06,
297.20,
295.92,
308.99,
300.69,
293.07,
301.69,
294.01,
307.98,
298.16,
297.39,
286.46,
303.36,
297.73,
302.42,
294.17,
292.00,
297.25,
299.28,
296.41,
301.53,
297.76,
297.83,
299.05,
296.99,
299.96,
295.48,
292.85,
297.65,
296.32,
299.06,
306.74,
303.01,
296.15,
301.57,
302.85,
299.99,
300.09,
297.64,
303.07,
295.56,
294.90,
298.42,
300.70,
300.19,
297.31,
293.81,
302.91,
302.97,
304.50,
298.18,
297.66,
301.96,
289.83,
302.04,
299.14,
311.65,
292.99,
305.91,
303.10,
300.33,
308.86,
307.99,
298.47,
292.13,
301.37,
297.14,
308.31,
295.65,
294.15,
299.37,
297.88,
289.13,
301.47,
289.12,
296.12,
306.04,
306.58,
298.71,
297.08,
299.47,
303.61,
294.95,
303.20,
292.65,
289.45,
293.88,
291.91,
293.68,
293.08,
299.14,
307.96,
293.92,
295.89,
299.60,
300.69,
302.26,
304.23,
288.60,
294.13,
297.60,
304.00,
312.78,
309.49,
297.37,
303.71,
300.55,
284.57,
293.14,
295.59,
294.44,
303.80,
296.46,
299.39,
310.74,
296.33,
298.60,
300.04,
297.13,
293.25,
293.09,
295.02,
312.04,
297.88,
305.94,
300.09,
293.90,
297.62,
297.12,
299.42,
294.85,
295.40,
296.42,
291.96,
291.46,
300.17,
294.89,
297.31,
299.40,
297.44,
301.14,
294.16,
290.95,
290.50,
294.25,
297.02,
307.52,
295.31,
297.53,
287.32,
291.36,
299.88,
301.44,
296.18,
303.07,
299.14,
301.46,
301.79,
309.14,
297.14,
303.82,
299.34,
297.83,
303.20,
289.81,
298.12,
298.02,
299.47,
294.46,
298.56,
304.08,
290.14,
302.87,
300.67,
300.73,
293.66,
296.35,
295.85,
300.76,
293.79,
295.63,
293.51,
303.01,
298.69,
308.46,
295.49,
296.68,
298.79,
293.74,
301.80,
296.74,
294.06,
304.70,
290.61,
293.02,
288.86,
290.68,
295.09,
290.25,
295.39,
297.44,
296.88,
295.43,
302.83,
296.51,
295.50,
296.48,
297.64,
299.22,
303.31,
303.74,
297.54,
298.02,
297.50,
297.63,
292.36,
298.12,
310.60,
297.57,
294.21,
286.81,
290.70,
303.36,
292.26,
300.17,
303.35,
297.59,
306.93,
299.68,
287.80,
300.72,
302.04,
289.38,
301.18,
294.14,
297.88,
295.35,
294.67,
296.15,
301.65,
295.84,
297.47,
293.01,
297.77,
300.91,
298.45,
299.35,
292.99,
296.40,
295.25,
302.04,
304.20,
298.98,
285.42,
311.46,
296.94,
293.14,
293.42,
286.08,
297.48,
300.66,
291.74,
289.70,
297.59,
296.50,
297.33,
303.85,
305.54,
285.82,
297.74,
291.01,
299.56,
295.56,
291.85,
293.59,
301.93,
292.43,
299.34,
294.39,
293.90,
292.62,
296.58,
289.68,
293.62,
295.60,
294.01,
311.50,
299.91,
302.42,
303.77,
310.38,
295.44,
298.26,
290.56,
300.36,
295.33,
291.01,
294.63,
299.48,
303.97,
302.45,
299.37,
286.53,
296.43,
288.60,
291.37,
300.78,
302.30,
288.02,
295.33,
289.64,
304.51,
301.12,
292.08,
297.94,
306.35,
300.84,
301.33,
299.86,
305.53,
297.95,
305.55,
303.91,
301.15,
299.28,
309.21,
305.11,
286.80,
286.81,
297.19,
304.43,
293.30,
300.44,
293.83,
298.25,
301.16,
298.99,
294.73,
299.08,
294.70,
299.14,
298.74,
298.09,
300.97,
297.64,
292.86,
312.25,
301.80,
301.85,
290.69,
291.32,
302.59,
299.95,
300.04,
302.16,
299.14,
300.49,
292.02,
294.26,
295.27,
298.79,
299.78,
298.36,
302.61,
302.72,
293.76,
293.57,
293.81,
300.96,
301.61,
299.28,
303.60,
302.86,
301.96,
302.02,
306.59,
299.42,
293.85,
292.73,
295.78,
309.36,
303.16,
287.21,
304.87,
296.64,
298.21,
297.39,
300.96,
302.42,
303.03,
298.76,
297.18,
289.42,
295.23,
305.23,
297.26,
293.56,
291.82,
299.08,
296.98,
290.59,
307.29,
294.32,
302.87,
299.47,
301.12,
299.21,
301.84,
297.68,
296.11,
298.88,
300.19,
288.62,
301.01,
300.38,
305.97,
292.08,
296.57,
293.30,
300.51,
303.96,
294.54,
295.57,
286.98,
294.70,
293.71,
294.57,
289.54,
292.11,
293.29,
300.76,
295.07,
291.36,
300.55,
298.94,
292.23,
295.07,
292.70,
298.56,
296.78,
298.89,
294.32,
293.29,
296.52,
303.48,
301.11,
299.14,
291.13,
294.17,
301.66,
295.37,
298.15,
288.87,
294.95,
297.48,
302.70,
298.41,
298.75,
301.66,
291.67,
286.06,
283.62,
296.17,
291.04,
295.21,
306.14,
303.08,
298.27,
290.18,
304.06,
297.79,
303.58,
301.41,
297.95,
295.17,
305.40,
300.78,
295.20,
297.07,
306.89,
298.57,
299.31,
296.25,
299.51,
301.26,
302.73,
296.59,
298.36,
295.12,
297.65,
300.70,
296.64,
302.09,
293.06,
294.37,
301.79,
302.81,
307.65,
304.04,
308.12,
295.97,
290.96,
293.75,
292.19,
294.15,
295.95,
300.01,
298.55,
294.16,
294.22,
298.96,
297.95,
299.55,
291.75,
293.92,
303.43,
300.10,
301.71,
294.19,
291.10,
301.79,
296.69,
296.60,
294.27,
297.08,
299.06,
290.93,
293.59,
295.55,
301.54,
302.64,
282.68,
288.94,
303.93,
290.09,
292.27,
285.88,
296.20,
300.91,
305.53,
297.62,
298.38,
298.71,
300.86,
288.41,
295.89,
303.66,
307.17,
308.08,
296.14,
302.45,
309.14,
294.28,
299.14,
289.06,
301.77,
300.30,
302.49,
296.24,
287.61,
292.47,
302.93,
302.94,
303.81,
300.19,
297.88,
291.01,
296.11,
295.74,
293.42,
300.40,
297.53,
298.75,
292.48,
294.36,
301.36,
295.89,
293.70,
290.57,
293.15,
296.53,
299.18,
291.73,
295.90,
301.63,
298.43,
291.48,
290.72,
300.27,
299.38,
287.74,
285.79,
294.53,
298.68,
294.84,
296.29,
295.65,
299.37,
291.33,
294.32,
290.92,
294.52,
296.35,
295.88,
297.58,
296.62,
309.76,
289.71,
295.49,
293.99,
294.95,
298.24,
307.16,
291.42,
303.41,
294.83,
300.94,
303.72,
295.44,
303.66,
299.73,
294.90,
294.50,
298.35,
292.44,
300.56,
298.96,
302.76,
302.09,
294.64,
292.80,
296.16,
302.72,
297.49,
297.71,
303.87,
292.82,
303.44,
295.12,
297.29,
303.90,
304.33,
299.08,
297.96,
296.03,
296.04,
300.50,
302.61,
306.20,
302.20,
297.07,
298.83,
298.07,
298.18,
307.38,
294.13,
292.65,
302.99,
297.29,
295.51,
295.06,
300.62,
307.71,
289.47,
297.27,
296.64,
302.75,
295.27,
307.51,
309.32,
291.85,
302.30,
295.23,
294.41,
295.70,
300.76,
308.45,
293.59,
303.35,
293.79,
297.04,
291.92,
300.46,
300.19,
300.34,
304.82,
287.38,
296.68,
303.81,
291.65,
300.71,
298.79,
298.94,
298.57,
302.08,
305.13,
301.73,
295.28,
305.03,
305.51,
308.86,
295.40,
295.44,
291.73,
299.10,
296.42,
307.64,
296.85,
307.91,
297.96,
300.97,
295.04,
289.85,
304.36,
306.53,
296.57,
294.49,
300.01,
288.00,
300.75,
292.14,
296.30,
305.34,
303.63,
301.24,
292.75,
296.60,
301.70,
299.95,
296.52,
295.31,
291.00,
294.19,
293.33,
300.68,
297.18,
301.16,
304.04,
300.56,
291.34,
287.21,
297.89,
294.68,
293.37,
295.96,
302.34,
295.32,
295.70,
292.93,
291.89,
294.47,
291.42,
299.90,
289.23,
303.58,
295.54,
298.93,
301.13,
305.79,
297.05,
296.85,
298.31,
301.48,
297.70,
305.81,
304.91,
295.18,
300.60,
290.20,
291.58,
295.40,
293.99,
300.14,
294.68,
291.66,
300.04,
309.60,
294.80,
280.26,
296.31,
301.66,
291.77,
289.35,
295.00,
290.85,
296.60,
301.17,
302.78,
299.93,
296.13,
293.61,
299.29,
299.23,
290.54,
292.28,
293.69,
298.24,
287.28,
304.38,
297.06,
302.00,
295.49,
300.99,
290.46,
292.56,
303.72,
301.68,
298.63,
301.91,
308.63,
297.20,
297.56,
293.69,
302.22,
305.82,
305.41,
297.21,
287.32,
294.67,
297.82,
301.22,
300.42,
302.90,
295.89,
296.88,
291.29,
300.74,
307.20,
297.64,
300.57,
297.82,
285.38,
302.47,
305.75,
295.95,
305.37,
288.58,
305.39,
289.04,
293.08,
298.03,
291.29,
296.19,
299.56,
297.92,
294.40,
288.95,
291.41,
306.53,
299.11,
297.97,
301.81,
296.09,
288.21,
304.52,
306.21,
301.76,
306.77,
296.60,
298.38,
294.85,
311.57,
296.43,
297.46,
302.02,
303.28,
303.12,
291.85,
299.82,
304.95,
299.37,
300.40,
304.15,
292.25,
294.54,
294.05,
297.73,
296.68,
296.49,
305.41,
295.92,
293.43,
297.64,
294.65,
296.07,
288.55,
291.34,
301.33,
296.31,
300.30,
299.81,
305.57,
300.54,
296.41,
299.11,
289.89,
293.52,
294.12,
299.22,
295.15,
303.66,
295.97,
299.16,
299.41,
299.55,
298.03,
302.96,
299.55,
312.84,
304.04,
307.83,
295.08,
295.13,
299.34,
294.94,
296.82,
306.58,
304.03,
298.97,
289.93,
302.57,
311.51,
294.13,
300.91,
298.71,
294.43,
301.51,
293.17,
308.67,
300.31,
293.50,
304.26,
303.70,
300.24,
292.07,
294.85,
301.55,
299.62,
302.65,
298.09,
306.18,
297.83,
295.16,
299.65,
308.84,
299.64,
296.65,
294.54,
291.53,
289.19,
299.24,
296.01,
299.39,
302.23,
304.69,
294.06,
298.65,
298.05,
303.27,
295.54,
292.39,
300.45,
292.29,
295.34,
301.85,
285.38,
296.33,
296.58,
299.45,
296.59,
299.08,
306.30,
298.88,
301.91,
294.87,
295.44,
293.14,
295.57,
297.64,
303.95,
303.11,
309.25,
306.52,
301.93,
305.84,
300.09,
298.94,
296.73,
301.72,
298.80,
300.84,
303.50,
292.39,
302.17,
308.95,
289.54,
295.43,
288.97,
292.32,
281.67,
293.66,
317.89,
312.47,
307.34,
298.15,
302.88,
297.53,
296.56,
295.33,
302.19,
298.89,
291.11,
295.28,
290.59,
296.33,
300.24,
290.59,
298.59,
286.93,
293.37,
299.02,
304.58,
295.31,
295.71,
293.04,
302.54,
299.91,
297.20,
303.99,
296.89,
301.31,
295.75,
299.10,
297.53,
297.23,
297.71,
296.49,
299.47,
306.53,
295.09,
291.75,
298.29,
296.32,
291.78,
300.71,
297.87,
298.57,
290.65,
298.44,
307.49,
299.39,
298.40,
303.62,
307.06,
308.67,
299.71,
294.94,
297.82,
297.84,
297.11,
286.60,
298.73,
298.96,
292.66,
299.47,
308.36,
303.48,
299.46,
297.97,
301.47,
291.69,
300.70,
298.53,
301.11,
293.30,
292.76,
294.51,
298.32,
291.59,
300.16,
297.80,
291.37,
286.77,
296.39,
305.14,
303.06,
308.81,
304.91,
301.77,
305.74,
303.81,
298.61,
288.76,
306.10,
297.18,
291.77,
305.95,
296.31,
292.98,
292.39,
296.59,
297.51,
302.26,
287.83,
291.68,
290.83,
297.20,
297.26,
291.47,
292.84,
294.78,
290.40,
301.01,
299.17,
295.97,
299.28,
299.18,
294.81,
296.03,
296.18,
297.01,
294.72,
296.32,
302.18,
297.89,
304.00,
301.29,
295.90,
304.06,
295.72,
296.87,
297.64,
292.53,
302.03,
291.27,
300.09,
299.54,
294.75,
297.40,
303.30,
297.52,
299.21,
297.41,
305.21,
291.82,
302.73,
298.37,
299.43,
298.65,
298.42,
302.39,
297.23,
299.03,
304.48,
302.55,
305.95,
295.36,
298.71,
300.20,
293.35,
295.63,
299.57,
304.37,
300.10,
306.37,
291.74,
301.73,
296.36,
291.26,
294.23,
305.15,
305.86,
302.66,
303.37,
302.26,
297.08,
308.19,
300.26,
305.53,
303.20,
294.71,
301.36,
298.84,
307.76,
289.88,
302.46,
300.73,
298.58,
302.85,
293.93,
302.26,
301.92,
294.82,
292.65,
306.92,
297.12,
289.51,
292.65,
303.70,
298.21,
299.63,
297.56,
304.14,
298.31,
292.97,
293.04,
309.62,
296.67,
298.26,
294.97,
297.03,
304.68,
298.76,
286.05,
301.26,
300.55,
297.76,
297.90,
289.35,
286.18,
301.90,
297.32,
298.08,
294.45,
287.85,
296.10,
300.92,
306.55,
297.05,
299.23,
300.99,
310.52,
302.86,
302.22,
302.05,
296.89,
314.09,
297.02,
295.45,
309.87,
294.26,
301.51,
300.37,
303.07,
297.25,
299.78,
294.16,
283.83,
297.78,
304.32,
304.75,
301.80,
301.51,
294.11,
301.87,
300.33,
300.91,
303.33,
296.00,
301.75,
292.50,
294.27,
300.67,
307.47,
287.88,
302.52,
300.59,
289.68,
301.17,
308.46,
303.76,
298.22,
300.81,
298.38,
303.08,
304.16,
313.63,
307.95,
300.37,
286.57,
294.82,
293.32,
284.90,
294.16,
296.59,
298.94,
299.88,
292.29,
295.28,
301.24,
300.98,
303.50,
304.76,
301.31,
298.82,
299.54,
292.66,
297.94,
293.34,
302.94,
314.08,
298.94,
294.25,
293.78,
302.64,
296.67,
309.25,
300.27,
301.11,
291.56,
298.75,
302.60,
294.29,
290.84,
289.07,
299.83,
298.64,
302.85,
295.28,
285.57,
294.97,
295.16,
287.93,
294.04,
301.26,
304.53,
290.92,
296.87,
294.85,
296.34,
295.24,
295.27,
292.36,
303.67,
297.53,
296.28,
307.37,
301.74,
300.87,
293.14,
300.12,
294.03,
293.94,
304.14,
304.24,
287.56,
290.00,
293.28,
294.73,
296.62,
300.25,
301.05,
294.55,
294.93,
308.27,
301.12,
296.87,
296.87,
293.98,
295.74,
300.23,
289.89,
287.53,
297.92,
299.40,
288.48,
291.34,
298.09,
295.09,
306.82,
302.38,
296.23,
301.77,
296.14,
296.96,
299.21,
300.54,
301.06,
293.69,
294.41,
297.23,
289.13,
293.26,
306.56,
296.53,
304.42,
291.86,
293.74,
296.99,
288.61,
301.84,
291.79,
292.73,
294.10,
291.68,
301.37,
296.19,
294.08,
299.94,
293.46,
291.47,
295.62,
294.97,
299.07,
297.52,
293.94,
301.33,
293.67,
300.29,
300.82,
302.45,
294.48,
299.39,
292.04,
292.88,
300.31,
296.47,
300.58,
303.74,
296.59,
299.93,
294.22,
296.58,
299.96,
303.74,
300.98,
299.49,
297.07,
294.00,
299.61,
302.90,
296.91,
294.47,
296.30,
300.44,
297.63,
289.13,
290.07,
295.15,
299.27,
295.62,
294.57,
296.47,
298.81,
299.19,
303.13,
294.94,
307.87,
298.30,
293.73,
300.52,
310.25,
295.86,
304.06,
295.21,
289.03,
289.32,
293.21,
288.94,
302.23,
292.37,
289.08,
287.36,
293.08,
296.93,
289.25,
299.27,
300.94,
305.20,
300.03,
292.24,
298.76,
309.54,
295.63,
298.72,
289.87,
295.16,
307.47,
293.37,
311.78,
299.47,
301.33,
301.20,
300.17,
293.28,
302.32,
292.06,
298.81,
300.80,
300.83,
296.54,
292.46,
303.10,
303.11,
302.01,
280.94,
290.41,
298.19,
295.18,
298.49,
295.81,
291.67,
294.95,
291.36,
302.42,
294.55,
302.05,
298.17,
304.15,
302.50,
295.21,
288.31,
300.69,
292.38,
286.96,
299.69,
297.35,
302.64,
302.36,
300.49,
296.85,
296.08,
290.70,
288.53,
295.69,
298.03,
301.11,
293.45,
298.33,
297.89,
306.24,
297.77,
297.07,
302.87,
298.45,
291.35,
296.81,
302.54,
296.53,
295.01,
296.82,
296.41,
292.58,
305.54,
298.76,
300.39,
295.15,
296.83,
305.06,
297.81,
303.23,
297.03,
302.46,
291.28,
298.18,
297.19,
302.21,
302.53,
288.20,
295.15,
288.69,
293.22,
297.23,
301.04,
301.10,
299.18,
293.35,
295.25,
292.62,
286.57,
294.81,
291.79,
295.34,
291.86,
299.82,
293.83,
298.55,
294.28,
293.14,
299.32,
294.57,
291.86,
298.98,
290.86,
300.08,
301.36,
299.52,
298.81,
298.76,
287.93,
299.84,
295.61,
295.09,
299.83,
303.97,
296.11,
307.02,
298.26,
310.06,
300.26,
301.16,
295.46,
295.83,
299.35,
302.76,
298.71,
295.60,
301.89,
296.42,
300.44,
291.77,
297.34,
298.42,
294.20,
309.34,
292.00,
301.07,
299.67,
305.70,
299.27,
305.21,
299.49,
297.08,
306.44,
297.45,
298.86,
300.21,
290.89,
303.62,
299.05,
288.65,
292.57,
296.18,
293.91,
298.18,
296.07,
301.44,
293.56,
292.83,
299.66,
288.77,
297.90,
300.36,
305.66,
299.28,
293.59,
301.99,
302.86,
297.47,
299.43,
298.51,
305.15,
295.38,
296.07,
298.77,
299.14,
296.79,
299.53,
302.47,
294.01,
294.79,
299.59,
299.14,
292.83,
304.59,
298.94,
307.21,
307.74,
312.72,
291.00,
291.04,
302.81,
296.45,
294.58,
295.78,
295.87,
298.79,
293.49,
291.98,
295.29,
298.85,
304.65,
308.12,
293.33,
297.22,
307.54,
298.02,
303.92,
312.99,
288.07,
292.99,
296.17,
297.56,
294.97,
299.60,
294.33,
297.12,
295.21,
294.17,
291.98,
298.58,
304.98,
307.79,
300.34,
307.01,
305.44,
308.71,
301.07,
304.01,
308.91,
304.66,
298.54,
303.34,
296.65,
282.73,
301.55,
305.86,
294.42,
293.33,
296.47,
296.84,
291.32,
295.36,
296.70,
300.45,
298.08,
293.90,
296.18,
297.87,
294.25,
302.37,
300.99,
295.75,
296.55,
282.38,
297.36,
295.91,
297.13,
297.85,
301.89,
308.15,
304.84,
297.86,
298.70,
295.88,
306.08,
298.70,
303.97,
298.50,
289.71,
302.43,
296.94,
290.57,
297.19,
298.73,
308.60,
296.70,
300.63,
303.34,
302.15,
300.78,
295.77,
294.88,
296.56,
305.45,
306.72,
306.44,
295.80,
296.74,
301.62,
297.47,
302.80,
301.62,
286.51,
298.34,
300.24,
302.82,
289.24,
293.75,
309.76,
301.72,
297.70,
302.37,
305.95,
296.48,
297.45,
299.74,
294.47,
289.50,
301.98,
305.25,
294.69,
298.44,
295.02,
289.60,
296.03,
295.11,
304.90,
295.12,
297.11,
293.15,
298.04,
305.03,
301.10,
304.43,
303.74,
303.88,
293.45,
287.62,
297.37,
298.10,
290.24,
297.45,
299.52,
295.29,
305.26,
290.21,
297.65,
298.61,
291.18,
301.53,
305.31,
294.56,
292.16,
301.16,
304.52,
305.36,
300.88,
307.76,
298.97,
302.10,
294.68,
300.00,
287.57,
289.05,
303.23,
310.57,
300.31,
300.28,
309.12,
304.15,
294.88,
297.67,
295.11,
297.47,
297.33,
296.66,
302.12,
304.61,
305.94,
304.19,
294.60,
290.38,
296.28,
292.56,
294.30,
301.26,
297.39,
290.73,
294.57,
301.48,
297.76,
288.44,
299.01,
297.58,
310.59,
304.81,
306.09,
298.36,
300.40,
294.14,
293.54,
292.16,
300.55,
298.52,
305.42,
293.30,
298.42,
307.75,
294.24,
306.86,
299.34,
305.43,
305.62,
302.89,
301.50,
287.97,
298.90,
309.68,
292.42,
302.10,
305.36,
300.39,
293.31,
290.17,
297.32,
301.54,
294.10,
281.17,
294.25,
296.87,
295.06,
299.89,
299.07,
299.18,
294.91,
298.25,
286.68,
300.98,
305.13,
301.23,
287.66,
299.65,
298.38,
290.75,
301.56,
304.39,
296.34,
304.75,
315.11,
299.27,
303.66,
294.42,
306.58,
307.35,
294.60,
293.68,
295.70,
295.84,
305.39,
304.15,
294.62,
298.93,
299.92,
289.32,
300.62,
288.76,
291.95,
293.02,
290.18,
299.96,
295.38,
291.58,
290.95,
301.52,
290.24,
306.10,
293.27,
298.57,
291.00,
295.35,
300.20,
295.94,
293.76,
295.31,
300.47,
288.54,
305.42,
298.35,
297.41,
300.19,
285.19,
293.42,
292.32,
308.12,
293.00,
307.21,
300.15,
299.51,
294.24,
294.19,
295.66,
298.32,
291.84,
288.25,
298.44,
304.37,
297.98,
301.77,
310.68,
298.81,
298.38,
299.48,
295.75,
298.09,
289.10,
297.42,
294.13,
291.97,
301.51,
305.38,
295.85,
289.52,
290.77,
293.27,
299.52,
296.80,
296.06,
296.66,
303.49,
306.48,
299.60,
302.61,
289.18,
302.64,
306.69,
294.61,
286.99,
298.06,
299.65,
306.93,
301.90,
291.30,
302.36,
300.75,
291.92,
296.27,
304.67,
292.59,
294.85,
295.32,
301.11,
310.38,
298.67,
304.13,
305.17,
302.63,
295.90,
295.88,
304.28,
295.26,
299.15,
295.10,
291.73,
293.86,
289.82,
294.22,
292.59,
303.56,
303.95,
298.03,
302.30,
290.03,
296.89,
299.95,
299.81,
309.09,
298.45,
302.37,
293.00,
297.77,
299.41,
295.50,
298.23,
294.86,
301.99,
311.17,
308.76,
296.20,
305.07,
303.13,
297.10,
308.32,
300.87,
296.66,
300.41,
291.02,
287.74,
301.47,
292.59,
302.64,
293.55,
300.92,
303.70,
301.90,
298.78,
296.57,
316.33,
300.32,
301.45,
294.82,
306.08,
301.31,
299.38,
305.98,
294.14,
297.89,
303.10,
306.18,
293.91,
292.65,
290.83,
305.67,
305.22,
309.33,
290.18,
307.06,
289.40,
295.83,
297.27,
298.52,
304.88,
293.59,
299.13,
305.76,
300.65,
303.80,
303.48,
310.83,
311.31,
295.93,
297.86,
301.83,
289.07,
292.55,
295.88,
295.15,
297.26,
300.07,
294.26,
303.67,
300.46,
300.16,
297.37,
285.00,
290.73,
294.51,
301.56,
291.30,
293.23,
292.61,
291.23,
297.08,
290.60,
307.50,
305.51,
294.34,
302.30,
298.92,
300.92,
296.24,
298.36,
278.13,
291.28,
289.43,
292.74,
292.04,
289.27,
300.38,
292.07,
297.58,
300.25,
294.24,
293.50,
304.85,
292.22,
295.91,
287.08,
291.10,
298.23,
298.61,
301.16,
307.47,
299.42,
303.56,
298.10,
300.73,
293.67,
297.10,
307.45,
297.70,
295.62,
286.94,
303.35,
301.99,
294.82,
291.11,
297.10,
290.68,
293.31,
293.70,
306.56,
297.19,
302.74,
305.84,
308.08,
299.57,
303.38,
299.84,
311.64,
305.00,
299.52,
294.88,
294.29,
300.22,
290.38,
298.80,
297.46,
301.14,
290.50,
297.40,
293.05,
298.40,
278.28,
293.42,
302.93,
307.88,
304.24,
301.21,
295.36,
300.01,
299.60,
303.45,
308.20,
300.16,
288.34,
307.53,
295.47,
298.11,
295.22,
307.20,
287.99,
301.77,
295.71,
295.21,
296.03,
295.94,
285.92,
300.59,
297.41,
292.90,
289.36,
297.33,
289.55,
277.98,
296.96,
297.90,
303.73,
291.42,
301.11,
300.27,
307.82,
295.30,
296.70,
298.30,
302.98,
298.51,
287.64,
293.88,
295.36,
310.90,
299.91,
299.94,
300.77,
293.48,
302.41,
293.32,
291.70,
296.82,
304.49,
304.72,
308.06,
297.92,
293.51,
307.33,
298.43,
294.70,
298.61,
291.18,
289.51,
297.70,
292.75,
308.39,
301.30,
303.31,
306.79,
295.51,
291.10,
300.99,
293.52,
297.51,
298.95,
295.82,
302.38,
301.52,
300.54,
288.36,
293.30,
295.25,
295.10,
302.53,
304.91,
307.23,
301.76,
299.89,
290.32,
305.19,
294.28,
302.29,
297.64,
296.26,
295.36,
293.84,
296.30,
297.47,
293.19,
289.02,
293.71,
293.68,
298.53,
291.88,
299.96,
302.02,
301.47,
297.20,
287.45,
304.44,
290.30,
294.43,
292.22,
301.54,
293.92,
294.50,
294.74,
298.43,
304.76,
301.17,
298.46,
298.97,
293.34,
299.36,
295.79,
304.98,
297.08,
299.38,
301.82,
292.26,
300.49,
290.55,
301.49,
295.76,
296.22,
297.86,
305.77,
304.66,
295.11,
296.83,
297.26,
302.74,
302.58,
301.23,
309.44,
303.15,
302.11,
293.97,
304.19,
296.59,
299.94,
303.14,
290.41,
284.91,
304.74,
299.41,
303.17,
308.07,
303.05,
297.57,
303.98,
296.80,
301.95,
304.87,
295.09,
299.24,
288.70,
306.51,
291.47,
302.12,
298.75,
308.39,
301.02,
297.40,
297.99,
294.94,
302.24,
299.10,
298.44,
291.28,
298.06,
304.64,
298.22,
291.49,
289.39,
301.88,
300.56,
294.90,
291.67,
297.58,
298.60,
294.39,
296.18,
299.03,
300.22,
293.49,
308.95,
301.23,
287.61,
298.12,
295.90,
303.19,
296.81,
293.06,
299.17,
295.96,
298.39,
300.37,
288.67,
297.25,
296.48,
291.07,
290.30,
300.60,
293.26,
279.66,
303.24,
295.01,
297.20,
296.59,
293.97,
296.12,
299.99,
296.96,
305.88,
298.41,
303.36,
302.68,
306.18,
300.73,
302.68,
295.74,
297.59,
292.83,
297.65,
299.14,
297.11,
298.02,
291.55,
301.43,
300.71,
292.33,
300.52,
297.41,
290.01,
304.89,
298.10,
294.97,
292.13,
299.31,
305.67,
294.89,
300.30,
306.52,
306.54,
289.81,
288.89,
300.90,
303.00,
295.73,
289.93,
299.28,
297.69,
299.70,
303.24,
297.26,
292.96,
303.27,
298.74,
299.52,
300.19,
308.15,
300.77,
293.31,
300.18,
301.55,
294.17,
296.01,
299.68,
299.50,
299.47,
302.43,
305.82,
300.07,
297.75,
301.93,
292.52,
292.97,
299.60,
304.14,
301.57,
292.86,
294.56,
305.39,
302.09,
293.80,
293.26,
301.36,
292.27,
294.83,
300.06,
307.98,
293.46,
307.17,
317.22,
301.00,
304.08,
302.55,
296.68,
292.71,
300.91,
298.66,
300.81,
306.24,
305.99,
297.33,
302.84,
301.18,
306.35,
302.87,
306.64,
299.93,
296.67,
297.53,
296.82,
300.82,
294.75,
299.88,
298.45,
303.03,
300.07,
302.74,
293.61,
301.99,
301.59,
293.51,
296.67,
290.71,
299.52,
300.10,
300.45,
305.92,
307.16,
291.10,
303.22,
300.65,
294.49,
292.15,
304.43,
290.40,
295.35,
291.40,
298.10,
296.60,
299.64,
300.04,
291.05,
306.34,
302.34,
296.39,
306.76,
304.12,
303.11,
304.88,
296.92,
306.67,
300.11,
300.56,
303.44,
301.01,
304.30,
299.38,
295.55,
294.82,
301.12,
292.76,
305.54,
302.27,
300.56,
298.17,
309.93,
293.67,
297.34,
291.27,
297.04,
295.00,
297.08,
295.89,
302.43,
300.47,
293.42,
296.58,
296.46,
290.02,
296.20,
304.17,
302.48,
287.87,
287.88,
301.74,
301.95,
300.65,
301.62,
295.96,
292.54,
304.51,
297.05,
303.78,
296.13,
297.80,
300.30,
299.65,
300.76,
291.67,
297.57,
295.96,
284.77,
299.12,
295.59,
291.70,
288.13,
286.81,
304.30,
295.65,
299.86,
297.20,
298.97,
298.58,
296.76,
296.29,
299.10,
290.48,
309.11,
294.54,
295.85,
293.32,
300.62,
291.86,
291.63,
297.75,
299.82,
301.07,
299.14,
301.14,
295.03,
302.85,
296.38,
280.51,
300.40,
299.45,
299.57,
294.17,
300.43,
295.03,
289.12,
294.82,
294.85,
301.03,
291.97,
302.08,
295.88,
302.73,
297.61,
290.88,
298.49,
295.06,
297.49,
300.10,
304.37,
297.02,
297.30,
295.62,
292.40,
298.73,
294.52,
291.67,
292.03,
301.56,
300.33,
302.48,
304.24,
303.22,
303.14,
307.94,
304.48,
295.00,
301.52,
302.00,
297.30,
300.19,
310.27,
298.05,
295.92,
303.93,
302.99,
295.74,
296.20,
307.88,
302.30,
302.05,
299.66,
302.55,
295.10,
306.75,
289.93,
308.07,
292.60,
302.13,
298.53,
306.12,
302.05,
292.67,
297.50,
295.98,
299.94,
291.42,
303.89,
297.50,
294.23,
294.23,
299.20,
300.14,
298.81,
299.83,
292.74,
297.92,
294.75,
298.35,
297.46,
297.19,
302.63,
301.32,
302.40,
292.84,
296.96,
295.06,
291.53,
293.21,
294.13,
297.96,
298.56,
300.07,
298.38,
297.41,
308.56,
295.43,
294.47,
299.53,
292.90,
295.38,
299.93,
299.92,
298.82,
298.12,
300.76,
300.83,
297.82,
302.89,
301.45,
296.56,
296.93,
292.07,
303.75,
292.53,
309.98,
298.26,
297.90,
305.83,
302.29,
299.54,
292.68,
293.74,
291.34,
300.37,
299.02,
293.19,
291.56,
295.75,
288.62,
312.24,
300.53,
291.64,
288.87,
305.03,
297.10,
294.77,
290.47,
296.25,
298.39,
299.82,
295.64,
296.70,
303.70,
306.76,
298.82,
290.96,
300.75,
293.06,
314.24,
298.68,
298.94,
296.31,
296.42,
297.17,
299.05,
306.37,
297.15,
302.35,
303.29,
303.21,
308.96,
294.50,
296.02,
306.16,
302.27,
290.66,
293.54,
292.93,
300.77,
298.26,
285.38,
297.14,
309.39,
299.21,
302.09,
300.24,
306.67,
301.78,
300.71,
288.59,
301.41,
291.11,
291.00,
290.87,
288.10,
296.61,
299.85,
299.00,
299.62,
282.58,
291.87,
301.32,
302.85,
301.56,
295.86,
297.60,
307.78,
302.21,
288.60,
306.23,
295.11,
293.30,
297.96,
296.77,
301.35,
293.10,
308.13,
299.21,
295.86,
303.02,
300.00,
306.11,
307.44,
296.08,
288.27,
295.48,
301.02,
300.10,
300.09,
303.63,
296.15,
301.72,
297.91,
305.13,
298.58,
296.57,
290.09,
295.38,
295.66,
305.70,
292.19,
293.02,
289.39,
300.22,
295.41,
294.40,
277.59,
290.74,
299.70,
294.86,
294.09,
293.23,
294.40,
297.12,
298.24,
293.39,
297.71,
296.76,
304.00,
291.88,
288.58,
295.24,
292.46,
302.97,
296.37,
300.50,
302.84,
303.72,
304.45,
299.60,
304.85,
293.22,
292.02,
299.72,
309.46,
294.99,
288.14,
294.72,
297.30,
289.75,
299.71,
298.68,
309.68,
306.68,
293.80,
303.12,
289.50,
290.17,
295.24,
299.93,
294.61,
298.25,
299.16,
294.24,
298.89,
297.82,
304.97,
294.79,
291.73,
302.55,
295.83,
301.81,
308.61,
292.99,
295.09,
298.62,
299.73,
296.85,
297.69,
301.58,
294.87,
297.75,
296.36,
305.00,
301.90,
299.59,
297.42,
301.58,
297.03,
295.29,
295.33,
298.96,
289.82,
306.63,
294.65,
298.85,
300.38,
296.97,
290.30,
296.36,
304.24,
306.30,
299.97,
299.20,
290.68,
292.49,
289.22,
305.24,
304.08,
298.87,
294.74,
304.74,
297.27,
306.04,
294.58,
295.23,
289.67,
296.73,
294.37,
298.88,
301.65,
301.42,
305.09,
313.96,
305.49,
294.87,
296.10,
290.99,
297.84,
298.01,
299.48,
299.51,
293.88,
302.11,
304.89,
300.62,
295.47,
302.68,
302.54,
299.82,
296.58,
292.39,
303.49,
303.94,
296.66,
304.48,
295.95,
299.85,
303.15,
305.20,
294.39,
299.16,
302.69,
301.22,
294.64,
299.64,
288.46,
297.94,
305.94,
304.93,
298.02,
305.97,
299.25,
288.51,
291.42,
292.09,
296.61,
298.75,
301.98,
299.32,
298.57,
293.28,
297.35,
296.17,
300.44,
294.53,
292.27,
294.62,
294.18,
297.84,
292.50,
296.52,
292.74,
292.74,
298.37,
291.43,
302.06,
285.13,
301.52,
296.33,
291.92,
304.88,
295.99,
293.17,
294.84,
289.74,
298.45,
297.86,
296.08,
289.13,
293.77,
294.92,
296.11,
297.94,
304.12,
306.47,
301.50,
300.94,
308.26,
305.57,
303.83,
300.42,
305.22,
299.25,
292.51,
300.90,
306.42,
299.85,
303.85,
302.02,
292.56,
295.88,
297.78,
303.49,
298.70,
303.62,
297.52,
294.02,
302.35,
300.31,
304.70,
291.00,
298.59,
293.36,
306.80,
306.25,
293.97,
290.50,
295.57,
294.21,
295.34,
297.01,
296.19,
294.21,
303.24,
289.78,
293.79,
298.78,
296.62,
296.03,
293.96,
297.48,
301.74,
299.20,
303.65,
295.44,
298.82,
287.01,
293.43,
301.72,
299.53,
306.10,
297.49,
303.61,
296.85,
299.84,
286.37,
292.24,
302.06,
294.47,
294.61,
283.19,
282.75,
286.64,
293.65,
301.55,
293.92,
298.79,
294.00,
295.10,
296.03,
299.70,
310.20,
302.23,
299.99,
293.22,
299.96,
294.34,
301.97,
291.50,
292.22,
294.49,
288.05,
302.68,
301.72,
297.46,
290.23,
290.70,
296.10,
290.34,
293.13,
301.67,
290.26,
300.16,
289.33,
288.37,
293.85,
302.54,
298.11,
301.90,
299.21,
299.71,
303.55,
301.55,
294.59,
298.79,
302.59,
298.33,
298.81,
301.61,
303.16,
288.02,
298.31,
302.96,
296.15,
297.95,
303.98,
298.67,
307.63,
294.77,
290.66,
303.42,
294.38,
296.22,
287.90,
296.61,
290.38,
304.74,
304.60,
293.61,
301.00,
290.83,
303.01,
289.79,
296.21,
293.47,
300.62,
297.33,
306.87,
302.91,
297.48,
